title,subtitle,price,description,link,main_image,alternate_image
SuperSix EVOLAB71,LAB71,"$16,000","Our ultimate road race bike, with SRAM RED AXS, Reserve Turbulent Aero 42/49 wheels, and SystemBar R-One cockpit.",/en-us/bikes/road/race/supersix-evo/supersix-evo-lab71,https://embed.widencdn.net/img/dorelrl/vgznwkzbhy/500px@1x/C24_C11064U_LAB71_SuperSix_EVO_BPT_PD.jpg?color=f8f8f8&q=90,https://embed.widencdn.net/img/dorelrl/gzrim6x7mc/500px@1x/C24_C11064U_LAB71_SuperSix_EVO_BPT_3Q.jpg?color=f8f8f8&q=90
SuperSix EVOLAB71,LAB71,"$15,000","The ultimate road race bike, with Dura-Ace Di2, HollowGram R-SL 50 wheels and R-One SystemBar",/en-us/bikes/road/race/supersix-evo/supersix-evo-lab71/2023,https://embed.widencdn.net/img/dorelrl/yzgnk85vax/500px@1x/C23_C11052U_SuperSix_EVO_LAB71_MOX_PD.jpg?color=f8f8f8&q=90,https://embed.widencdn.net/img/dorelrl/i5hvubtijg/500px@1x/C23_C11052U_SuperSix_EVO_LAB71_MOX_3Q.jpg?color=f8f8f8&q=90
SuperSix EVOLAB71 Team,LAB71 Team,"$14,000","A limited-production version of our pro-grade road racing bike, featuring a Series 0 carbon construction frameset and 100% team spec.",/en-us/bikes/road/race/supersix-evo/supersix-evo-lab71-team-c11105u,https://embed.widencdn.net/img/dorelrl/klkctorxgt/500px@1x/C24_C11105U_LAB71_SuperSix_EVO_Team_ERP_PD.jpg?color=f8f8f8&q=90,https://embed.widencdn.net/img/dorelrl/egyhj3n3s5/500px@1x/C24_C11105U_LAB71_SuperSix_EVO_Team_ERP_3Q.jpg?color=f8f8f8&q=90
Moterra SLLAB71,LAB71,"$14,000","The ultimate lightweight, full power, trail eMTB, with Fox Float Factory suspension, SRAM XX wireless shifting & DT Swiss XMC 1501 carbon wheels",/en-us/bikes/electric/e-mountain/moterra-sl/moterra-sl-lab71-c65114u,https://embed.widencdn.net/img/dorelrl/3hhycofy1t/500px@1x/C24_C65114U_LAB71_Moterra_Neo_SL_BPT_PD.jpg?color=f8f8f8&q=90,https://embed.widencdn.net/img/dorelrl/okmjzb6rua/500px@1x/C24_C65114U_LAB71_Moterra_Neo_SL_BPT_3Q.jpg?color=f8f8f8&q=90
ScalpelSE LAB71,SE LAB71,"$14,000","The ultimate super-fast XC/trail bike, with SRAMâ€™s XX SL Transmission, Lefty Ocho Carbon 120 & HollowGram XC-27 S carbon wheels",/en-us/bikes/mountain/trail-bikes/scalpel-se/scalpel-se-lab71,https://embed.widencdn.net/img/dorelrl/6xw1ieujom/500px@1x/C23_C24143U_LAB71_Scalpel_SE_GMG_PD.jpg?color=f8f8f8&q=90,https://embed.widencdn.net/img/dorelrl/0oerraik9d/500px@1x/C23_C24143U_LAB71_Scalpel_SE_GMG_3Q.jpg?color=f8f8f8&q=90
ScalpelLAB71,LAB71,"$14,000","The ultimate cross-country ripper - 120mm travel, Lefty Ocho Carbon, SRAM XX SL AXS, DT Swiss XRC 1200 carbon wheels",/en-us/bikes/mountain/cross-country/scalpel/scalpel-lab71,https://embed.widencdn.net/img/dorelrl/ts4u6qklue/500px@1x/C24_C24103U_LAB71_Scalpel_BPT_PD.jpg?color=f8f8f8&q=90,https://embed.widencdn.net/img/dorelrl/rw3kz767zy/500px@1x/C24_C24103U_LAB71_Scalpel_BPT_3Q.jpg?color=f8f8f8&q=90
SuperSix EVOHi-MOD 1,Hi-MOD 1,"$13,500","Exceptionally fast and light road race bike, with SRAM RED AXS, HollowGram R-SL 50 wheels and R-One SystemBar",/en-us/bikes/road/race/supersix-evo/supersix-evo-hi-mod-1,https://embed.widencdn.net/img/dorelrl/jvt3rhstnl/500px@1x/C23_C11102U_SuperSix_EVO_HM_1_MRC_PD.jpg?color=f8f8f8&q=90,https://embed.widencdn.net/img/dorelrl/dpw2umzfjk/500px@1x/C23_C11102U_SuperSix_EVO_HM_1_MRC_3Q.jpg?color=f8f8f8&q=90
SystemSixHi-MOD Dura-Ace Di2,Hi-MOD Dura-Ace Di2,"$13,050",Our fastest aero road bike with 2x12 electronic Shimano Dura-Ace shifting & carbon wheels,/en-us/bikes/road/race/systemsix/systemsix-hi-mod-dura-ace-di2-c11131u,https://embed.widencdn.net/img/dorelrl/zico7b681a/500px@1x/C21_C11131U_SystemSix_HM_DA_Di2_MRC_PD.jpg?color=f8f8f8&q=90,https://embed.widencdn.net/img/dorelrl/z1wyhrqssw/500px@1x/C21_C11131U_SystemSix_HM_DA_Di2_MRC_3Q.jpg?color=f8f8f8&q=90
ScalpelHi-MOD Ultimate,Hi-MOD Ultimate,"$12,000","The ultimate XC race machine - SRAM XX1 AXS wireless shifting, Lefty Ocho Carbon and HollowGram 25 carbon wheels",/en-us/bikes/mountain/cross-country/scalpel/scalpel-hi-mod-ultimate,https://embed.widencdn.net/img/dorelrl/6kk1equb0d/500px@1x/C22_C24102M_Scalpel_HM_ULT_TRD_PD.jpg?color=f8f8f8&q=90,https://embed.widencdn.net/img/dorelrl/m5ivfmuacj/500px@1x/C22_C24102M_Scalpel_HM_ULT_TRD_3Q.jpg?color=f8f8f8&q=90
SuperSix EVOHi-MOD Disc Dura-Ace Di2,Hi-MOD Disc Dura-Ace Di2,"$13,050",Our lightest frame with 2x12 electronic Shimano Dura-Ace shifting & carbon wheels,/en-us/bikes/road/race/supersix-evo/supersix-evo-hi-mod-disc-dura-ace-di2-c11101u,https://embed.widencdn.net/img/dorelrl/2qhqqcfus0/500px@1x/C21_C11101U_SuperSix_EVO_HM_Disc_DA_Di2_GMG_PD.jpg?color=f8f8f8&q=90,https://embed.widencdn.net/img/dorelrl/d6m6y8xigg/500px@1x/C21_C11101U_SuperSix_EVO_HM_Disc_DA_Di2_GMG_3Q.jpg?color=f8f8f8&q=90
Scalpel HTHi-MOD Ultimate,Hi-MOD Ultimate,"$11,000","The ultimate XC race hardtail with SRAM XX1 AXS wireless shifting, Lefty Ocho 110mm fork & HollowGram 25 carbon wheels",/en-us/bikes/mountain/cross-country/scalpel-ht/scalpel-ht-hi-mod-ultimate,https://embed.widencdn.net/img/dorelrl/fn67v2gljx/500px@1x/C22_C25101U_SCALPEL_HM_ULT_TRD_PD.jpg?color=f8f8f8&q=90,https://embed.widencdn.net/img/dorelrl/brouwazate/500px@1x/C22_C25101U_SCALPEL_HM_ULT_TRD_3Q.jpg?color=f8f8f8&q=90
Scalpel1,1,"$9,500","A 120mm cross-country ripper with SRAM XO AXS, DT Swiss XCR 1501 carbon wheels, and a Fox Float Factory 34 SC fork",/en-us/bikes/mountain/cross-country/scalpel/scalpel-1-c24254u,https://embed.widencdn.net/img/dorelrl/8ulv9inaab/500px@1x/C24_C24254U_Scalpel_Crb_1_RRD_PD.jpg?color=f8f8f8&q=90,https://embed.widencdn.net/img/dorelrl/rjiwyfsjfg/500px@1x/C24_C24254U_Scalpel_Crb_1_RRD_3Q.jpg?color=f8f8f8&q=90
Synapse Carbon1 RLE,1 RLE,"$9,050","Our famously smooth endurance road bike with SmartSense, Dura-Ace Di2 & carbon wheels",/en-us/bikes/road/endurance/synapse-carbon/synapse-carbon-1-rle,https://embed.widencdn.net/img/dorelrl/dx0f4zxlus/500px@1x/C22_C12102U_Synapse_Crb_1_RLE_SGY_PD.jpg?color=f8f8f8&q=90,/-/media/cannondale/synapse-carbon/uncategorized/c22_c12102u_synapse_crb_1_rle_sgy_3q.ashx
ScalpelCarbon SE Ultimate,Carbon SE Ultimate,"$8,800","Superfast XC/trail bike with SRAM AXS electronic shifting, 120mm Lefty Ocho & HollowGram carbon wheels",/en-us/bikes/mountain/trail-bikes/scalpel-se/scalpel-carbon-se-ultimate,https://embed.widencdn.net/img/dorelrl/29za9c2nel/500px@1x/C22_C24302M_Scalpel_Crb_SE_ULT_JDE_PD.jpg?color=f8f8f8&q=90,https://embed.widencdn.net/img/dorelrl/fq1zsdl7ed/500px@1x/C22_C24302M_Scalpel_Crb_SE_ULT_JDE_3Q.jpg?color=f8f8f8&q=90
Moterra SL1,1,"$8,750","Remarkably light, full power, trail eMTB w/ Shimano EP801 motor, 601Wh battery, Fox Float Factory suspension & SRAM XO AXS shifting",/en-us/bikes/electric/e-mountain/moterra-sl/moterra-sl-1-c65094u,https://embed.widencdn.net/img/dorelrl/lqmrt0s9xv/500px@1x/C24_C65094U_Moterra_Neo_SL_1_RAW_PD.jpg?color=f8f8f8&q=90,https://embed.widencdn.net/img/dorelrl/e9tz4lsrdp/500px@1x/C24_C65094U_Moterra_Neo_SL_1_RAW_3Q.jpg?color=f8f8f8&q=90
Synapse Neo,N/A,"$8,500","A comfortable, fast e-road bike built to go the distance, w/ Bosch Sprint 28mph drive unit, HollowGram carbon wheels and Shimano Ultegra Di2 electronic 12-speed group",/en-us/bikes/electric/e-road/synapse-neo/synapse-neo-c67114u,https://embed.widencdn.net/img/dorelrl/jtgjnvxdzi/500px@1x/C24_C67114U_Synapse_Neo_US_Speed_BLK_PD.jpg?color=f8f8f8&q=90,https://embed.widencdn.net/img/dorelrl/uzldd6qpc5/500px@1x/C24_C67114U_Synapse_Neo_US_Speed_BLK_3Q.jpg?color=f8f8f8&q=90
SuperSix EVOHi-MOD 2,Hi-MOD 2,"$8,300","Exceptionally fast and light road race bike, with Ultegra Di2, HollowGram R-SL 50 wheels and Vision Trimax Carbon Aero bars",/en-us/bikes/road/race/supersix-evo/supersix-evo-hi-mod-2,https://embed.widencdn.net/img/dorelrl/orquegmbcu/500px@1x/C23_C11202U_SuperSix_EVO_HM_2_BBQ_PD.jpg?color=f8f8f8&q=90,https://embed.widencdn.net/img/dorelrl/98ym4mecg8/500px@1x/C23_C11202U_SuperSix_EVO_HM_2_BBQ_3Q.jpg?color=f8f8f8&q=90
ScalpelHi-MOD 1,Hi-MOD 1,"$8,600","Our lightest full-suspension with SRAM AXS electronic shifting, Lefty Ocho Carbon fork & HollowGram carbon wheels",/en-us/bikes/mountain/cross-country/scalpel/scalpel-hi-mod-1,https://embed.widencdn.net/img/dorelrl/otbwwfv6mb/500px@1x/C22_C24202M_Scalpel_HM_1_WHT_PD.jpg?color=f8f8f8&q=90,https://embed.widencdn.net/img/dorelrl/dvdxjewaoi/500px@1x/C22_C24202M_Scalpel_HM_1_WHT_3Q.jpg?color=f8f8f8&q=90
Topstone Carbon1 Lefty,1 Lefty,"$7,850","Full suspension gravel bike with Lefty fork, SRAM Force AXS wireless shifting & carbon wheels",/en-us/bikes/road/gravel/topstone-carbon/topstone-carbon-1-lefty,https://embed.widencdn.net/img/dorelrl/zr4raolgxr/500px@1x/C22_C15102U_Topstone_Crb_1_Lefty_RRD_PD.jpg?color=f8f8f8&q=90,https://embed.widencdn.net/img/dorelrl/43pwm5uacs/500px@1x/C22_C15102U_Topstone_Crb_1_Lefty_RRD_3Q.jpg?color=f8f8f8&q=90
Topstone Carbon1 RLE,1 RLE,"$7,850","Gravel bike with rear suspension, SmartSense radar & lights, wireless shifting, carbon wheels",/en-us/bikes/road/gravel/topstone-carbon/topstone-carbon-1-rle,https://embed.widencdn.net/img/dorelrl/vvvkncgx1o/500px@1x/C22_C15052U_Topstone_Crb_1_RLE_BPL_PD.jpg?color=f8f8f8&q=90,https://embed.widencdn.net/img/dorelrl/6ipsccndkh/500px@1x/C22_C15052U_Topstone_Crb_1_RLE_BPL_3Q.jpg?color=f8f8f8&q=90
MoterraCarbon 2,Carbon 2,"$7,750","An enduro eMTB, SRAM GX, 160mm RockShox Zeb Select fork & 67mi range Bosch motor",/en-us/bikes/electric/e-mountain/moterra-neo/moterra-neo-carbon-2-smu,https://embed.widencdn.net/img/dorelrl/zazrej57gm/500px@1x/C21_C65221M_Moterra_Neo_2_Crb_ALP_PD.jpg?color=f8f8f8&q=90,https://embed.widencdn.net/img/dorelrl/d8vee3v25j/500px@1x/C21_C65221M_Moterra_Neo_Crb_ALP_3Q.jpg?color=f8f8f8&q=90
Topstone Neo Carbon2,2,"$7,250",An electric gravel bike with Shimano GRX shifting & 78mi range Bosch motor,/en-us/bikes/electric/e-road/topstone-neo/topstone-neo-carbon-2-c62271m,https://embed.widencdn.net/img/dorelrl/m0hkt9s3mn/500px@1x/C21_C62271M_Topstone_Neo_Crb_BPL_PD.jpg?color=f8f8f8&q=90,https://embed.widencdn.net/img/dorelrl/3ghbkx0cnn/500px@1x/C21_C62271M_Topstone_Neo_Crb_BPL_3Q.jpg?color=f8f8f8&q=90
SuperSix EVOHi-MOD Disc Ultegra Di2,Hi-MOD Disc Ultegra Di2,"$8,050",Our lightest frame with 2x12 electronic Shimano Ultegra shifting & carbon wheels,/en-us/bikes/road/race/supersix-evo/supersix-evo-hi-mod-disc-ultegra-di2-c11201u,https://embed.widencdn.net/img/dorelrl/fmapx7ii6p/500px@1x/C21_C11201U_SuperSix_EVO_HM_Disc_Ult_Di2_DTE_PD.jpg?color=f8f8f8&q=90,https://embed.widencdn.net/img/dorelrl/e89rej1zxg/500px@1x/C21_C11201U_SuperSix_EVO_HM_Disc_Ult_Di2_DTE_3Q.jpg?color=f8f8f8&q=90
SuperXForce eTap AXS,Force eTap AXS,"$7,050",Award winning carbon cyclocross race bike with wireless SRAM Force shifting & carbon wheels,/en-us/bikes/road/cyclocross/superx/superx-force-etap-axs,https://embed.widencdn.net/img/dorelrl/i9jbs3wgzw/500px@1x/C20_C17100M_SuperX_Force_eTap_MAT_PD.jpg?color=f8f8f8&q=90,https://embed.widencdn.net/img/dorelrl/euccjqui48/500px@1x/C20_C17100M_SuperX_Force_eTap_MAT_3Q.jpg?color=f8f8f8&q=90
Synapse CarbonLTD RLE,LTD RLE,"$7,050","Our famously smooth endurance road bike with SmartSense, a GRX Di2 group & carbon wheels",/en-us/bikes/road/endurance/synapse-carbon/synapse-carbon-ltd-rle,https://embed.widencdn.net/img/dorelrl/d1a2ef0cqg/500px@1x/C21_C12151U_Synapse_Crb_LTD_RLE_GMG_PD.jpg?color=f8f8f8&q=90,https://embed.widencdn.net/img/dorelrl/swqeepgagk/500px@1x/C21_C12151U_Synapse_Crb_LTD_RLE_GMG_3Q.jpg?color=f8f8f8&q=90
Moterra SL2,2,"$7,000","Remarkably light, full power, trail eMTB w/ Shimano EP801 motor, 601Wh battery, Fox Performance 36 fork & Shimano XT/Deore 12-speed shifting",/en-us/bikes/electric/e-mountain/moterra-sl/moterra-sl-2-c65124u,https://embed.widencdn.net/img/dorelrl/ek9dhzodwc/500px@1x/C24_C65124U_Moterra_Neo_SL_2_TSK_PD.jpg?color=f8f8f8&q=90,https://embed.widencdn.net/img/dorelrl/smtifftion/500px@1x/C24_C65124U_Moterra_Neo_SL_2_TSK_3Q.jpg?color=f8f8f8&q=90
HabitLTD,LTD,"$10,000","The ultimate fun-focused trail mtb - 130/140mm travel, SRAM XO AXS Transmission, DT Swiss carbon wheels & Pike Ultimate fork",/en-us/bikes/mountain/trail-bikes/habit/habit-ltd,https://embed.widencdn.net/img/dorelrl/juscsf8tqk/500px@1x/C23_C23103U_LTD_Habit_RPP_PD.jpg?color=f8f8f8&q=90,https://embed.widencdn.net/img/dorelrl/wmpb0p8wbn/500px@1x/C23_C23103U_LTD_Habit_RPP_3Q.jpg?color=f8f8f8&q=90
SuperSix EVO1,1,"$7,000","Beautifully fast and light road race bike, with SRAM Force AXS, HollowGram R-S 50 wheels and Vision Trimax Carbon Aero bars",/en-us/bikes/road/race/supersix-evo/supersix-evo-1,https://embed.widencdn.net/img/dorelrl/umgl5sxof3/500px@1x/C23_C11302U_SuperSix_EVO_Crb_1_MYG_PD.jpg?color=f8f8f8&q=90,https://embed.widencdn.net/img/dorelrl/cl3ncdbvwc/500px@1x/C23_C11302U_SuperSix_EVO_Crb_1_MYG_3Q.jpg?color=f8f8f8&q=90
SuperSix EVOCarbon Disc Force AXS,Carbon Disc Force AXS,"$6,550",World famous race bike with 2x12 wireless SRAM Force shifting & carbon wheels,/en-us/bikes/road/race/supersix-evo/supersix-evo-carbon-disc-force-axs,https://embed.widencdn.net/img/dorelrl/eiox7hxi0i/500px@1x/C21_C11501U_SuperSix_EVO_Crb_Disc_Force_AXS_BKM_PD.jpg?color=f8f8f8&q=90,https://embed.widencdn.net/img/dorelrl/gxpm43uv8x/500px@1x/C21_C11501U_SuperSix_EVO_Crb_Disc_Force_AXS_BKM_3Q.jpg?color=f8f8f8&q=90
Scalpel2,2,"$6,500","A 120mm cross-country ripper with SRAM GX AXS, HollowGram XC-S 27 carbon wheels, and a RockShox SID Select+ fork",/en-us/bikes/mountain/cross-country/scalpel/scalpel-2-c24304u,https://embed.widencdn.net/img/dorelrl/jhxn3vpxjr/500px@1x/C24_C24304U_Scalpel_Crb_2_SBK_PD.jpg?color=f8f8f8&q=90,https://embed.widencdn.net/img/dorelrl/ow2aptadob/500px@1x/C24_C24304U_Scalpel_Crb_2_SBK_3Q.jpg?color=f8f8f8&q=90
Moterra LTCarbon 1,Carbon 1,"$8,650","A hard-charging enduro eMTB - 170/165mm travel, Bosch 750Wh system, Shimano XT & Code RSC brakes",/en-us/bikes/electric/e-mountain/moterra-neo-lt/moterra-neo-carbon-lt-1-c25472u,https://embed.widencdn.net/img/dorelrl/vikvdqqeod/500px@1x/C22_C25472U_Moterra_Neo_Crb_LT_1_QSD_PD.jpg?color=f8f8f8&q=90,https://embed.widencdn.net/img/dorelrl/ft3tcqua7t/500px@1x/C22_C25472U_Moterra_Neo_Crb_LT_1_QSD_3Q.jpg?color=f8f8f8&q=90
MoterraCarbon 1,Carbon 1,"$8,600","A carbon trail eMTB with 150mm of travel, Bosch 750Wh system and Shimano XTR/XT 12-speed group",/en-us/bikes/electric/e-mountain/moterra-neo/moterra-neo-carbon-1-c25172u,https://embed.widencdn.net/img/dorelrl/ixvqd3vlw5/500px@1x/C22_C25172U_Moterra_Neo_Crb_1_ABB_PD.jpg?color=f8f8f8&q=90,https://embed.widencdn.net/img/dorelrl/uk0ycspyql/500px@1x/C22_C25172U_Moterra_Neo_Crb_1_ABB_3Q.jpg?color=f8f8f8&q=90
HabitLT LTD,LT LTD,"$9,000","The ultimate progressive trail mountain bike - 140/150mm travel, SRAM XO AXS Transmission, DT Swiss wheels & Lyrik Ultimate fork",/en-us/bikes/mountain/trail-bikes/habit/habit-lt-ltd,https://embed.widencdn.net/img/dorelrl/0ku1edo2xl/500px@1x/C23_C23203U_Habit_Crb_LT-LTD_MTG_PD.jpg?color=f8f8f8&q=90,https://embed.widencdn.net/img/dorelrl/cdauytxbhh/500px@1x/C23_C23203U_Habit_Crb_LT-LTD_MTG_3Q.jpg?color=f8f8f8&q=90
SuperSix EVOLAB71 Team Changeout Frameset,LAB71 Team Changeout Frameset,"$6,000",Ride like EF Pro Cycling with these limited edition LAB71 team framesets. Dream builds start here.,/en-us/bikes/road/race/supersix-evo/supersix-evo-lab71-team-changeout-frameset,https://embed.widencdn.net/img/dorelrl/rtbvc45mj8/500px@1x/C24_C11082U_LAB71_SuperSix_EVO_AM_Frm_RBX_PD.jpg?color=f8f8f8&q=90,https://embed.widencdn.net/img/dorelrl/ih67fmaazx/500px@1x/C24_C11082U_LAB71_SuperSix_EVO_AM_Frm_RBX_3Q.jpg?color=f8f8f8&q=90
SuperSix EVOLAB71 Frameset,LAB71 Frameset,"$6,000",The ultimate road racing frameset. Your dream build starts here.,/en-us/bikes/road/race/supersix-evo/supersix-evo-lab71-frameset,https://embed.widencdn.net/img/dorelrl/0zavucjihn/500px@1x/C23_C11082U_LAB71_SuperSix_EVO_AM_Frm_BLK_PD.jpg?color=f8f8f8&q=90,https://embed.widencdn.net/img/dorelrl/m6rrkivadk/500px@1x/C23_C11082U_LAB71_SuperSix_EVO_AM_Frm_BLK_3Q.jpg?color=f8f8f8&q=90
MoterraCarbon 2,Carbon 2,"$7,500","A carbon trail eMTB with 150mm of travel, Bosch 750Wh system and Shimano XT/SLX 12-speed group",/en-us/bikes/electric/e-mountain/moterra-neo/moterra-neo-carbon-2-c25272u,https://embed.widencdn.net/img/dorelrl/u9cm89u8vy/500px@1x/C22_C25272U_Moterra_Neo_Crb_2_MAT_PD.jpg?color=f8f8f8&q=90,https://embed.widencdn.net/img/dorelrl/qv81hudxtu/500px@1x/C22_C25272U_Moterra_Neo_Crb_2_MAT_3Q.jpg?color=f8f8f8&q=90
Synapse Carbon2 RLE,2 RLE,"$5,550",Our famously smooth endurance road bike with SmartSense & Ultegra Di2 electronic shifting,/en-us/bikes/road/endurance/synapse-carbon/synapse-carbon-2-rle,https://embed.widencdn.net/img/dorelrl/cj0k7gejqi/500px@1x/C22_C12202U_Synapse_Crb_2_RLE_GRY_PD.jpg?color=f8f8f8&q=90,/-/media/cannondale/synapse-carbon/uncategorized/c22_c12202u_synapse_crb_2_rle_gry_3q.ashx
Topstone Neo5,5,"$5,550",An electric alloy gravel bike with Shimano GRX shifting & 70mi range Bosch motor,/en-us/bikes/electric/e-road/topstone-neo/topstone-neo-5-smu,https://embed.widencdn.net/img/dorelrl/mshmauh49j/500px@1x/C21_C62561M_Topstone_Neo_5_BPL_PD.jpg?color=f8f8f8&q=90,https://embed.widencdn.net/img/dorelrl/prxso5vkas/500px@1x/C21_C62561M_Topstone_Neo_5_BPL_3Q.jpg?color=f8f8f8&q=90
Scalpel3,3,"$5,500","A 120mm cross-country ripper with Shimano XT 12-speed shifting, a RockShox SID Select fork, and DownLow dropper post",/en-us/bikes/mountain/cross-country/scalpel/scalpel-3-c24454u,https://embed.widencdn.net/img/dorelrl/n5qroplqeb/500px@1x/C24_C24454U_Scalpel_Crb_3_TSK_PD.jpg?color=f8f8f8&q=90,https://embed.widencdn.net/img/dorelrl/tmho29gj2q/500px@1x/C24_C24454U_Scalpel_Crb_3_TSK_3Q.jpg?color=f8f8f8&q=90
SuperSix EVO2,2,"$5,500","Beautifully fast and light road race bike, with Ultegra Di2, HollowGram R 45 wheels and Vision Trimax Carbon Aero bars",/en-us/bikes/road/race/supersix-evo/supersix-evo-2,https://embed.widencdn.net/img/dorelrl/le7q2fg98a/500px@1x/C23_C11402U_SuperSix_EVO_Crb_2_RAW_PD.jpg?color=f8f8f8&q=90,https://embed.widencdn.net/img/dorelrl/wehnv2oc34/500px@1x/C23_C11402U_SuperSix_EVO_Crb_2_RAW_3Q.jpg?color=f8f8f8&q=90
SystemSixCarbon Ultegra,Carbon Ultegra,"$5,400",Our aero road bike with 2x11 Shimano Ultegra shifting & carbon wheels,/en-us/bikes/road/race/systemsix/systemsix-carbon-ultegra,https://embed.widencdn.net/img/dorelrl/a59pmpehnb/500px@1x/C21_C11401M_SystemSix_Crb_Ult_CRD_PD.jpg?color=f8f8f8&q=90,https://embed.widencdn.net/img/dorelrl/sugdrvdb3f/500px@1x/C21_C11401M_SystemSix_Crb_Ult_CRD_3Q.jpg?color=f8f8f8&q=90
Moterra LTCarbon 2,Carbon 2,"$7,500","A hard-charging enduro eMTB with 170/165mm travel, Bosch 750Wh system, Shimano XT/SLX & Magura MT5 brakes",/en-us/bikes/electric/e-mountain/moterra-neo-lt/moterra-neo-carbon-lt-2-c25572u,https://embed.widencdn.net/img/dorelrl/d2dahjxeqy/500px@1x/C22_C25572U_Moterra_Neo_Crb_LT_2_BBQ_PD.jpg?color=f8f8f8&q=90,https://embed.widencdn.net/img/dorelrl/jn2ayklvb0/500px@1x/C22_C25572U_Moterra_Neo_Crb_LT_2_BBQ_3Q.jpg?color=f8f8f8&q=90
Mavaro Neo1 Low StepThru,1 Low StepThru,"$5,250","A premium urban electric experience, with Bosch Performance Line Speed drive-unit 28mph / 750Wh, up to 108mi range.",/en-us/bikes/electric/e-urban/mavaro-neo/mavaro-neo-1-low-stepthru,https://embed.widencdn.net/img/dorelrl/wpabnggea5/500px@1x/C24_C68044U_Mavaro_Neo_1_C3_LSTH_CRD_PD.jpg?color=f8f8f8&q=90,https://embed.widencdn.net/img/dorelrl/bh0onso5hl/500px@1x/C24_C68044U_Mavaro_Neo_1_C3_LSTH_CRD_3Q.jpg?color=f8f8f8&q=90
ScalpelCarbon 3,Carbon 3,"$5,050",A lightning-fast XC bike with Shimano SLX shifting & 100mm Lefty Ocho fork,/en-us/bikes/mountain/cross-country/scalpel/scalpel-carbon-3,https://embed.widencdn.net/img/dorelrl/lwuzxaikqa/500px@1x/C21_C24401M_Scalpel_Crb_3_MRC_PD.jpg?color=f8f8f8&q=90,https://embed.widencdn.net/img/dorelrl/slvw53byyh/500px@1x/C21_C24401M_Scalpel_Crb_3_MRC_3Q.jpg?color=f8f8f8&q=90
SuperSix EVOSE,SE,"$5,200","Our fastest gravel race bike, 2x12 SRAM Rival shifting",/en-us/bikes/road/gravel/supersix-evo-se/supersix-evo-se,https://embed.widencdn.net/img/dorelrl/nup4udtkrk/500px@1x/C21_C17102U_SuperSix_EVO_SE_MTG_PD.jpg?color=f8f8f8&q=90,https://embed.widencdn.net/img/dorelrl/jrplwejehz/500px@1x/C21_C17102U_SuperSix_EVO_SE_MTG_3Q.jpg?color=f8f8f8&q=90
Scalpel HTHi-MOD 1,Hi-MOD 1,"$6,050","Our fastest XC hardtail with Shimano XTR shifting, Lefty Ocho 110mm fork & carbon wheels",/en-us/bikes/mountain/cross-country/scalpel-ht/scalpel-ht-hi-mod-1,https://embed.widencdn.net/img/dorelrl/igegtdwkij/500px@1x/C21_C25201U_Scalpel_HT_HM_1_WHT_PD.jpg?color=f8f8f8&q=90,https://embed.widencdn.net/img/dorelrl/xxvrs47rl0/500px@1x/C21_C25201U_Scalpel_HT_HM_1_WHT_3Q.jpg?color=f8f8f8&q=90
ScalpelCarbon 2,Carbon 2,"$6,350","A lightning-fast XC bike with Shimano XT shifting, 100mm Lefty Ocho fork & carbon wheels",/en-us/bikes/mountain/cross-country/scalpel/scalpel-carbon-2,https://embed.widencdn.net/img/dorelrl/zdvxrhrum2/500px@1x/C21_C24301M_Scalpel_Crb_2_GRA_PD.jpg?color=f8f8f8&q=90,https://embed.widencdn.net/img/dorelrl/l3q5hkxict/500px@1x/C21_C24301M_Scalpel_Crb_2_GRA_3Q.jpg?color=f8f8f8&q=90
SuperSix EVOCarbon Disc Rival AXS,Carbon Disc Rival AXS,"$4,650",World famous race bike with 2x12 SRAM Rival shifting,/en-us/bikes/road/race/supersix-evo/supersix-evo-carbon-disc-rival,https://embed.widencdn.net/img/dorelrl/1gefvvmh0a/500px@1x/C21_C11631U_SuperSix_EVO_Crb_Disc_Rival_AXS_MAT_PD.jpg?color=f8f8f8&q=90,https://embed.widencdn.net/img/dorelrl/wt9cdpxgbr/500px@1x/C21_C11631U_SuperSix_EVO_Crb_Disc_Rival_AXS_MAT_3Q.jpg?color=f8f8f8&q=90
Tesoro NeoX 1,X 1,"$4,650",A rugged urban ebike with up to 105mi range Bosch motor & front suspension,/en-us/bikes/electric/e-touring/tesoro-neo-x/tesoro-neo-x-1-smu,https://embed.widencdn.net/img/dorelrl/qugtauglnu/500px@1x/C21_C66221M_Tesoro_Neo_X_MTG_PD.jpg?color=f8f8f8&q=90,https://embed.widencdn.net/img/dorelrl/infzergsqo/500px@1x/C21_C66221M_Tesoro_Neo_X_MTG_3Q.jpg?color=f8f8f8&q=90
Tesoro Neo X1 Remixte,1 Remixte,"$4,650",A rugged urban step-thru ebike with up to 105mi range Bosch motor & front suspension,/en-us/bikes/electric/e-touring/tesoro-neo-x/tesoro-neo-x-1-remixte-smu,https://embed.widencdn.net/img/dorelrl/tcdjdthr5t/500px@1x/C21_C66221U_Tesoro_Neo_X_MTG_PD.jpg?color=f8f8f8&q=90,https://embed.widencdn.net/img/dorelrl/i2owog0afq/500px@1x/C21_C66221U_Tesoro_Neo_X_MTG_3Q.jpg?color=f8f8f8&q=90
ScalpelCarbon SE 1,Carbon SE 1,"$6,150","A lightning-fast XC bike with Shimano XT shifting, 120mm RockShox SID fork & carbon wheels",/en-us/bikes/mountain/trail-bikes/scalpel-se/scalpel-carbon-se-1,https://embed.widencdn.net/img/dorelrl/yo0mrapxsp/500px@1x/C23_C24251M_Scalpel_Crb_SE_1_RRD_PD.jpg?color=f8f8f8&q=90,https://embed.widencdn.net/img/dorelrl/hho3omklsi/500px@1x/C23_C24251M_Scalpel_Crb_SE_1_RRD_3Q.jpg?color=f8f8f8&q=90
Tesoro Neo X1 StepThru,1 StepThru,"$4,600","A rugged urban ebike with up to 109mi range, Bosch Performance Speed motor & 750Wh battery",/en-us/bikes/electric/e-touring/tesoro-neo-x/tesoro-neo-x-1-stepthru,https://embed.widencdn.net/img/dorelrl/rnhofvkphc/500px@1x/C24_C66162U_Tesoro_Neo_X_1_STH_GRY_PD.jpg?color=f8f8f8&q=90,https://embed.widencdn.net/img/dorelrl/te6muu3dun/500px@1x/C24_C66162U_Tesoro_Neo_X_1_STH_GRY_3Q.jpg?color=f8f8f8&q=90
Tesoro Neo X1,1,"$4,600","A rugged urban ebike with up to 109mi range, Bosch Performance Speed motor & 750Wh battery",/en-us/bikes/electric/e-touring/tesoro-neo-x/tesoro-neo-x-1,https://embed.widencdn.net/img/dorelrl/faxnopwhif/500px@1x/C23_C66172U_Tesoro_Neo_X_1_GRY_PD.jpg?color=f8f8f8&q=90,https://embed.widencdn.net/img/dorelrl/qadqvwftap/500px@1x/C23_C66172U_Tesoro_Neo_X_1_GRY_3Q.jpg?color=f8f8f8&q=90
Moterra5,5,"$4,550","An enduro eMTB, Shimano Deore, 140mm fork & 60mi range Shimano motor",/en-us/bikes/electric/e-mountain/moterra-neo/moterra-neo-5,https://embed.widencdn.net/img/dorelrl/nojdhnbtok/500px@1x/C21_C69201M_Moterra_Neo_5_MAT_PD.jpg?color=f8f8f8&q=90,https://embed.widencdn.net/img/dorelrl/pra41uigyb/500px@1x/C21_C69201M_Moterra_Neo_5_MAT_3Q.jpg?color=f8f8f8&q=90
SuperSix EVOCarbon Disc Ultegra,Carbon Disc Ultegra,"$4,550",World famous race bike with 2x11 Shimano Ultegra shifting & carbon wheels,/en-us/bikes/road/race/supersix-evo/supersix-evo-carbon-disc-ultegra,https://embed.widencdn.net/img/dorelrl/hwmsbe5ss3/500px@1x/C21_C11651M_SuperSix_EVO_Crb_PUR_PD.jpg?color=f8f8f8&q=90,https://embed.widencdn.net/img/dorelrl/brc83gsd98/500px@1x/C21_C11651M_SuperSix_EVO_Crb_PUR_3Q.jpg?color=f8f8f8&q=90
SuperSix EVO3,3,"$4,500","Beautifully fast and light road race bike, with Shimano 105 Di2, DT-Swiss R470 wheels and Vision Trimax Aero bars",/en-us/bikes/road/race/supersix-evo/supersix-evo-3,https://embed.widencdn.net/img/dorelrl/ghkbdygrsq/500px@1x/C23_C11502U_SuperSix_EVO_Crb_3_CHK_PD.jpg?color=f8f8f8&q=90,https://embed.widencdn.net/img/dorelrl/jlk9y6mak7/500px@1x/C23_C11502U_SuperSix_EVO_Crb_3_CHK_3Q.jpg?color=f8f8f8&q=90
Topstone Carbon2 Lefty,2 Lefty,"$4,500","Full suspension gravel bike with Lefty fork, Shimano GRX800 12-speed group & dropper seatpost",/en-us/bikes/road/gravel/topstone-carbon/topstone-carbon-2-lefty,https://embed.widencdn.net/img/dorelrl/rrohfjxjnd/500px@1x/C24_C15203U_Topstone_Crb_2_Lefty_CAF_PD.jpg?color=f8f8f8&q=90,https://embed.widencdn.net/img/dorelrl/jadfpqmvuf/500px@1x/C24_C15203U_Topstone_Crb_2_Lefty_CAF_3Q.jpg?color=f8f8f8&q=90
Topstone Carbon2 L,2 L,"$4,500","Gravel bike with rear suspension, SmartSense lights and a Shimano GRX820 gravel group",/en-us/bikes/road/gravel/topstone-carbon/topstone-carbon-2-l,https://embed.widencdn.net/img/dorelrl/ye65cj8jr8/500px@1x/C24_C15253U_Topstone_Crb_2_L_CPW_PD.jpg?color=f8f8f8&q=90,https://embed.widencdn.net/img/dorelrl/wj7ratnio1/500px@1x/C24_C15253U_Topstone_Crb_2_L_CPW_3Q.jpg?color=f8f8f8&q=90
Synapse Carbon2 LE,2 LE,"$4,500",Our famously smooth endurance road bike with SmartSense lights & Shimano 105 Di2 electronic shifting,/en-us/bikes/road/endurance/synapse-carbon/synapse-carbon-2-le,https://embed.widencdn.net/img/dorelrl/maf3jtzd5e/500px@1x/C22_C12252U_Synapse_Crb_2_LE_SBK_PD.jpg?color=f8f8f8&q=90,https://embed.widencdn.net/img/dorelrl/cam8m0cc4h/500px@1x/C22_C12252U_Synapse_Crb_2_LE_SBK_3Q.jpg?color=f8f8f8&q=90
TopstoneLAB71 Frameset,LAB71 Frameset,"$4,500","The ultimate gravel frameset - the lightest, most refined Topstone Carbon ever.",/en-us/bikes/road/gravel/topstone-carbon/topstone-lab71-frameset,https://embed.widencdn.net/img/dorelrl/8ahoguv8ro/500px@1x/C23_C15493U_LAB71_Topstone_AM_Frm_BLK_PD.jpg?color=f8f8f8&q=90,https://embed.widencdn.net/img/dorelrl/xs1wzdfhnl/500px@1x/C23_C15493U_LAB71_Topstone_AM_Frm_BLK_3Q.jpg?color=f8f8f8&q=90
SuperSix EVOHi-MOD Frameset,Hi-MOD Frameset,"$4,500",An exceptionally fast and light road race frameset. Built to chase podiums.,/en-us/bikes/road/race/supersix-evo/supersix-evo-hi-mod-frameset,https://embed.widencdn.net/img/dorelrl/bsdfe1q71m/500px@1x/C23_C11182U_SuperSix_EVO_HM_AM_Frm_SBK_PD.jpg?color=f8f8f8&q=90,https://embed.widencdn.net/img/dorelrl/ux3pj9qbex/500px@1x/C23_C11182U_SuperSix_EVO_HM_AM_Frm_SBK_3Q.jpg?color=f8f8f8&q=90
Topstone Neo CarbonLefty 3,Lefty 3,"$6,350","An electric gravel bike with Shimano GRX shifting, 78mi Bosch motor & 30mm Oliver fork",/en-us/bikes/electric/e-road/topstone-neo/topstone-neo-carbon-lefty-3-c62371m,https://embed.widencdn.net/img/dorelrl/rw4avap4tu/500px@1x/C22_C62371M_Topstone_Neo_Crb_3_Lefty_Spd_HLT_PD.jpg?color=f8f8f8&q=90,https://embed.widencdn.net/img/dorelrl/hwxa7u357q/500px@1x/C22_C62371M_Topstone_Neo_Crb_3_Lefty_Spd_HLT_3Q.jpg?color=f8f8f8&q=90
Adventure Neo1 EQ,1 EQ,"$4,400","Our most comfortable eBike with up to 85mi range Bosch motor, plush saddle & gear racks",/en-us/bikes/electric/e-urban/adventure-neo/adventure-neo-1-eq,https://embed.widencdn.net/img/dorelrl/ox6ub7v9v7/500px@1x/C21_C68101U_Adventure_Neo_1_EQ_EMR_PD.jpg?color=f8f8f8&q=90,https://embed.widencdn.net/img/dorelrl/rom2rmys1u/500px@1x/C21_C68101U_Adventure_Neo_1_EQ_EMR_3Q.jpg?color=f8f8f8&q=90
Jekyll1,1,"$6,250",A carbon enduro descender with SRAM GX shifting and a Fox Factory 38 fork,/en-us/bikes/mountain/trail-bikes/jekyll/jekyll-1-c21102u,https://embed.widencdn.net/img/dorelrl/biearlko0t/500px@1x/C21_C21102U_Jekyll_1_GRA_PD.jpg?color=f8f8f8&q=90,https://embed.widencdn.net/img/dorelrl/sxra7owjli/500px@1x/C21_C21102U_Jekyll_1_GRA_3Q.jpg?color=f8f8f8&q=90
HabitCarbon 2,Carbon 2,"$4,350","A fun-focused trail mtb with 130/140mm travel, Shimano XT-SLX 12-speed and Pike Select fork",/en-us/bikes/mountain/trail-bikes/habit/habit-carbon-2,https://embed.widencdn.net/img/dorelrl/8ayvhjvghd/500px@1x/C23_C23201U_Habit_Crb_2_MGO_PD.jpg?color=f8f8f8&q=90,https://embed.widencdn.net/img/dorelrl/bwi53u2s0v/500px@1x/C23_C23201U_Habit_Crb_2_MGO_3Q.jpg?color=f8f8f8&q=90
Cargowagen Neo,N/A,"$4,300","A versatile, compact, kid and cargo hauler with Shimano Deore LinkGlide shifting, Bosch Performance Speed motor and a 545Wh battery",/en-us/bikes/electric/e-cargo/cargowagen-neo/cargowagen-neo,https://embed.widencdn.net/img/dorelrl/itvdygxomy/500px@1x/C23_C67153U_Cargowagen_Neo_SGE_PD.jpg?color=f8f8f8&q=90,https://embed.widencdn.net/img/dorelrl/hitdxngkjv/500px@1x/C23_C67153U_Cargowagen_Neo_SGE_3Q.jpg?color=f8f8f8&q=90
SuperSix EVOCarbon Disc 105 Di2,Carbon Disc 105 Di2,"$4,250",Light and fast race bike with Shimano 105 Di2 electronic shifting & hydraulic disc brakes,/en-us/bikes/road/race/supersix-evo/supersix-evo-carbon-disc-105-di2,https://embed.widencdn.net/img/dorelrl/gefkmougru/500px@1x/C22_C11702M_SuperSix_EVO_Crb_Disc_105_Di2_BBQ_PD.jpg?color=f8f8f8&q=90,N/A
HabitCarbon 1,Carbon 1,"$5,550","A fun-focused trail mtb with 130/140mm travel, SRAM GX Eagle & Pike Select+ fork",/en-us/bikes/mountain/trail-bikes/habit/habit-carbon-1,https://embed.widencdn.net/img/dorelrl/p3a2nid4br/500px@1x/C23_C23101U_Habit_Crb_1_JDE_PD.jpg?color=f8f8f8&q=90,https://embed.widencdn.net/img/dorelrl/qvjl2shgqp/500px@1x/C23_C23101U_Habit_Crb_1_JDE_3Q.jpg?color=f8f8f8&q=90
HabitCarbon LT 1,Carbon LT 1,"$5,550","A progressive trail mountain bike with 140/150mm travel, SRAM GX Eagle, Lyrik Select+ fork and Code R brakes",/en-us/bikes/mountain/trail-bikes/habit/habit-carbon-lt-1,https://embed.widencdn.net/img/dorelrl/yscoruo9lc/500px@1x/C23_C23152U_Habit_Crb_LT_1_CHK_PD.jpg?color=f8f8f8&q=90,https://embed.widencdn.net/img/dorelrl/2y9rlqfmor/500px@1x/C23_C23152U_Habit_Crb_LT_1_CHK_3Q.jpg?color=f8f8f8&q=90
ScalpelCarbon SE 2,Carbon SE 2,"$4,050",A lightning-fast XC bike with Shimano XT shifting & 120mm RockShox SID fork,/en-us/bikes/mountain/trail-bikes/scalpel-se/scalpel-carbon-se-2-c24852u,https://embed.widencdn.net/img/dorelrl/fcyykd9fnk/500px@1x/C21_C24852U_Scalpel_Crb_SE_2_BKM_PD.jpg?color=f8f8f8&q=90,https://embed.widencdn.net/img/dorelrl/p0gjnkmlfx/500px@1x/C21_C24852U_Scalpel_Crb_SE_2_BKM_3Q.jpg?color=f8f8f8&q=90
Moterra4,4,"$5,900","An enduro eMTB, SRAM SX, 150mm RockShox Silver R fork & 75mi Shimano motor",/en-us/bikes/electric/e-mountain/moterra-neo/moterra-neo-4-c65411u,https://embed.widencdn.net/img/dorelrl/ryyv3kotiq/500px@1x/C21_C65411U_Moterra_Neo_4_IOR_PD.jpg?color=f8f8f8&q=90,https://embed.widencdn.net/img/dorelrl/dwkow5fgoh/500px@1x/C21_C65411U_Moterra_Neo_4_IOR_3Q.jpg?color=f8f8f8&q=90
Moterra3,3,"$6,750","A lively trail eMTB with 150mm of travel, Bosch 750Wh system and Shimano XT/Deore 12-speed",/en-us/bikes/electric/e-mountain/moterra-neo/moterra-neo-3-c65372u,https://embed.widencdn.net/img/dorelrl/dqsiwwxf6b/500px@1x/C22_C65372U_Moterra_Neo_3_MRC_PD.jpg?color=f8f8f8&q=90,https://embed.widencdn.net/img/dorelrl/seiajw2xea/500px@1x/C22_C65372U_Moterra_Neo_3_MRC_3Q.jpg?color=f8f8f8&q=90
Scalpel4,4,"$4,000","A 120mm cross-country ripper with Shimano Deore M6100/XT 12-speed, a RockShox SID fork, and DownLow dropper post",/en-us/bikes/mountain/cross-country/scalpel/scalpel-4-c24554u,https://embed.widencdn.net/img/dorelrl/vxr8vhzhy3/500px@1x/C24_C24554U_Scalpel_Crb_4_SBK_PD.jpg?color=f8f8f8&q=90,https://embed.widencdn.net/img/dorelrl/iu9fhykjqj/500px@1x/C24_C24554U_Scalpel_Crb_4_SBK_3Q.jpg?color=f8f8f8&q=90
Topstone CarbonApex AXS,Apex AXS,"$4,000","Gravel bike with rear suspension, SRAM Apex AXS EXPLR wireless electronic shifting & DT Swiss wheels",/en-us/bikes/road/gravel/topstone-carbon/topstone-carbon-apex-axs,https://embed.widencdn.net/img/dorelrl/d2hqje63k8/500px@1x/C23_C15703U_Topstone_Crb_Apex_AXS_ORC_PD.jpg?color=f8f8f8&q=90,https://embed.widencdn.net/img/dorelrl/4ulbzadeik/500px@1x/C23_C15703U_Topstone_Crb_Apex_AXS_ORC_3Q.jpg?color=f8f8f8&q=90
MoterraS4,S4,"$4,000","A lively trail e-MTB with 140mm of travel, with Shimano's EP6 drive system, 504Wh battery and CUES 11-speed drivetrain",/en-us/bikes/electric/e-mountain/moterra-neo/moterra-neo-s4-c65243u,https://embed.widencdn.net/img/dorelrl/dbxf38ijsu/500px@1x/C23_C65243U_Moterra_Neo_S4_SBK_PD.jpg?color=f8f8f8&q=90,https://embed.widencdn.net/img/dorelrl/ewik4hnnth/500px@1x/C23_C65243U_Moterra_Neo_S4_SBK_3Q.jpg?color=f8f8f8&q=90
Mavaro Neo2 Low StepThru,2 Low StepThru,"$4,000",A premium low step-thru urban electric experience with up to 87 Miles range Bosch motor & front suspension,/en-us/bikes/electric/e-urban/mavaro-neo/mavaro-neo-2-low-stepthru,https://embed.widencdn.net/img/dorelrl/xdqc0t0d7c/500px@1x/C23_C68223U_Mavaro_Neo_2_C3_LSTH_MAT_PD.jpg?color=f8f8f8&q=90,https://embed.widencdn.net/img/dorelrl/plffbbrvqf/500px@1x/C23_C68223U_Mavaro_Neo_2_C3_LSTH_MAT_3Q.jpg?color=f8f8f8&q=90
Tesoro Neo XSpeed,Speed,"$5,500",A rugged urban ebike with up to 73mi range Bosch motor & front suspension,/en-us/bikes/electric/e-urban/tesoro-neo-x/tesoro-neo-x-speed-c66852m,https://embed.widencdn.net/img/dorelrl/0f4mgckt4p/500px@1x/C21_C66101M_Tesoro_Neo_X_Speed_GRY_PD.jpg?color=f8f8f8&q=90,https://embed.widencdn.net/img/dorelrl/k1lazzvoeh/500px@1x/C21_C66101M_Tesoro_Neo_X_Speed_GRY_3Q.jpg?color=f8f8f8&q=90
Topstone Carbon2 Lefty,2 Lefty,"$4,250","Full suspension gravel bike with Lefty fork, Shimano GRX800 11-speed group & dropper seatpost",/en-us/bikes/road/gravel/topstone-carbon/topstone-carbon-2-lefty/2022,https://embed.widencdn.net/img/dorelrl/agxgom3ci7/500px@1x/C22_C15202U_Topstone_Crb_2_Lefty_GDT_PD.jpg?color=f8f8f8&q=90,https://embed.widencdn.net/img/dorelrl/wvv9uyvjiv/500px@1x/C22_C15202U_Topstone_Crb_2_Lefty_GDT_3Q.jpg?color=f8f8f8&q=90
Topstone Carbon2 L,2 L,"$4,250","Gravel bike with rear suspension, SmartSense lights & a Shimano GRX800 11-speed group",/en-us/bikes/road/gravel/topstone-carbon/topstone-carbon-2-l/2022,https://embed.widencdn.net/img/dorelrl/kgqagzfxcm/500px@1x/C22_C15252U_Topstone_Crb_2_L_JDE_PD.jpg?color=f8f8f8&q=90,https://embed.widencdn.net/img/dorelrl/irsnhmsq3c/500px@1x/C22_C15252U_Topstone_Crb_2_L_JDE_3Q.jpg?color=f8f8f8&q=90
Tesoro Neo X2 StepThru,2 StepThru,"$3,750","A rugged urban ebike w/ 28 mph Bosch Performance motor, 625Wh battery and up to 85 mile range",/en-us/bikes/electric/e-touring/tesoro-neo-x/tesoro-neo-x-2-stepthru-c66262u,https://embed.widencdn.net/img/dorelrl/bmbcplecda/500px@1x/C23_C66262U_Tesoro_Neo_X_2_STH_MAT_PD.jpg?color=f8f8f8&q=90,https://embed.widencdn.net/img/dorelrl/9pmh5dyj0d/500px@1x/C23_C66262U_Tesoro_Neo_X_2_STH_MAT_3Q.jpg?color=f8f8f8&q=90
Tesoro Neo X2,2,"$3,750","A rugged urban ebike w/ 28 mph Bosch Performance motor, 625Wh battery and up to 85 mile range",/en-us/bikes/electric/e-touring/tesoro-neo-x/tesoro-neo-x-2-c66242u,https://embed.widencdn.net/img/dorelrl/eq8iuoihud/500px@1x/C23_C66242U_Tesoro_Neo_X_2_MAT_PD.jpg?color=f8f8f8&q=90,https://embed.widencdn.net/img/dorelrl/54tg0atnvm/500px@1x/C23_C66242U_Tesoro_Neo_X_2_MAT_3Q.jpg?color=f8f8f8&q=90
CAAD13105 Di2,105 Di2,"$3,700",The best alloy race bike with a carbon fork & 2x12 Shimano 105 Di2 electronic shifting,/en-us/bikes/road/race/caad13/caad13-105-di2,https://embed.widencdn.net/img/dorelrl/wicdjxf719/500px@1x/C22_C13452U_CAAD13_105_Di2_MRC_PD.jpg?color=f8f8f8&q=90,N/A
HabitLT 2,LT 2,"$3,625","A progressive trail mountain bike with 140/150mm travel, Shimano XT-SLX 12-speed, Lyrik fork and Deore 4-piston brakes",/en-us/bikes/mountain/trail-bikes/habit/habit-lt-2,https://embed.widencdn.net/img/dorelrl/tn81ksxwmz/500px@1x/C23_C23252U_Habit_LT_2_SBK_PD.jpg?color=f8f8f8&q=90,https://embed.widencdn.net/img/dorelrl/ak6owswfpd/500px@1x/C23_C23252U_Habit_LT_2_SBK_3Q.jpg?color=f8f8f8&q=90
Topstone NeoSL 2,SL 2,"$3,625",A lightweight alloy electric gravel bike with Shimano GRX shifting & 47mi range motor,/en-us/bikes/electric/e-road/topstone-neo/topstone-neo-sl-2-smu,https://embed.widencdn.net/img/dorelrl/nzgertljan/500px@1x/C21_C62571M_Topstone_Neo_SL_GRA_PD.jpg?color=f8f8f8&q=90,https://embed.widencdn.net/img/dorelrl/xmhyigc9kq/500px@1x/C21_C62571M_Topstone_Neo_SL_GRA_3Q.jpg?color=f8f8f8&q=90
Adventure Neo2 EQ Speed,2 EQ Speed,"$3,525","Comfort meets speed, with a powerful 28mph motor, plush saddle, gear racks, and up to 72mi range",/en-us/bikes/electric/e-urban/adventure-neo/adventure-neo-2-eq-speed,https://embed.widencdn.net/img/dorelrl/zdnluzrdsj/500px@1x/C21_C68252U_Adventure_Neo_2_EQ_C3_SGG_PD.jpg?color=f8f8f8&q=90,https://embed.widencdn.net/img/dorelrl/tfz4oopltf/500px@1x/C21_C68252U_Adventure_Neo_2_EQ_C3_SGG_3Q.jpg?color=f8f8f8&q=90
Adventure Neo2 EQ,2 EQ,"$3,525","Our most comfortable eBike with up to 80mi range Bosch motor, plush saddle & gear racks",/en-us/bikes/electric/e-urban/adventure-neo/adventure-neo-2-eq,https://embed.widencdn.net/img/dorelrl/dm6esu7cg8/500px@1x/C21_C68201U_Adventure_Neo_2_EQ_SGG_PD.jpg?color=f8f8f8&q=90,https://embed.widencdn.net/img/dorelrl/odqwwdrote/500px@1x/C21_C68201U_Adventure_Neo_2_EQ_SGG_3Q.jpg?color=f8f8f8&q=90
Mavaro Neo3 Low StepThru,3 Low StepThru,"$3,500","A comfortable low step-thru urban electric bike with a Bosch motor, front suspension & up to 70 miles range",/en-us/bikes/electric/e-urban/mavaro-neo/mavaro-neo-3-low-stepthru,https://embed.widencdn.net/img/dorelrl/opcgquzxrb/500px@1x/C24_C68353U_Mavaro_Neo_3_LSTH_DBU_PD.jpg?color=f8f8f8&q=90,https://embed.widencdn.net/img/dorelrl/c0s86mhhzc/500px@1x/C24_C68353U_Mavaro_Neo_3_LSTH_DBU_3Q.jpg?color=f8f8f8&q=90
SuperSix EVO4,4,"$3,499","Beautifully fast and light road race bike, with Shimano 105, Vision Trimax Compact bars and Conceal stem",/en-us/bikes/road/race/supersix-evo/supersix-evo-4,https://embed.widencdn.net/img/dorelrl/fmjhzvlzku/500px@1x/C23_C11602U_SuperSix_EVO_Crb_4_BLK_PD.jpg?color=f8f8f8&q=90,https://embed.widencdn.net/img/dorelrl/amppgq77c2/500px@1x/C23_C11602U_SuperSix_EVO_Crb_4_BLK_3Q.jpg?color=f8f8f8&q=90
Jekyll2,2,"$3,450",A carbon enduro descender with Shimano shifting & 170mm RockShox Zeb Select fork,/en-us/bikes/mountain/trail-bikes/jekyll/jekyll-2-c21202u,https://embed.widencdn.net/img/dorelrl/vgyl60r31e/500px@1x/C21_C21202U_Jekyll_2_GRA_PD.jpg?color=f8f8f8&q=90,https://embed.widencdn.net/img/dorelrl/ovznget0qp/500px@1x/C21_C21202U_Jekyll_2_GRA_3Q.jpg?color=f8f8f8&q=90
MoterraS3,S3,"$4,500","A lively trail e-MTB with 140mm of travel, with Shimano's EP6 drive system, 630Wh battery and CUES 6000 11-speed drivetrain",/en-us/bikes/electric/e-mountain/moterra-neo/moterra-neo-s3,https://embed.widencdn.net/img/dorelrl/hlwnxpx0hn/500px@1x/C23_C65233U_Moterra_Neo_S3_PNE_PD.jpg?color=f8f8f8&q=90,https://embed.widencdn.net/img/dorelrl/ygkmvvjjc1/500px@1x/C23_C65233U_Moterra_Neo_S3_PNE_3Q.jpg?color=f8f8f8&q=90
Topstone Carbon3 L,3 L,"$3,325","Gravel bike with rear suspension, SmartSense lights and a Shimano GRX820/600 drivetrain",/en-us/bikes/road/gravel/topstone-carbon/topstone-carbon-3-l,https://embed.widencdn.net/img/dorelrl/qtntatsvy7/500px@1x/C23_C15303U_Topstone_Crb_3_L_CRB_PD.jpg?color=f8f8f8&q=90,https://embed.widencdn.net/img/dorelrl/qsdsez06tk/500px@1x/C23_C15303U_Topstone_Crb_3_L_CRB_3Q.jpg?color=f8f8f8&q=90
CAAD13Disc Rival AXS,Disc Rival AXS,"$3,325",The best alloy race bike with carbon fork & 2x12 SRAM Rival shifting,/en-us/bikes/road/race/caad13/caad13-disc-rival,https://embed.widencdn.net/img/dorelrl/jn8fyz4foi/500px@1x/C22_C13201U_CAAD13_Disc_Rival_AXS_CHK_PD.jpg?color=f8f8f8&q=90,N/A
HabitWaves,Waves,"$3,325",An all-mountain alloy trail bike with SRAM SX shifting & 140mm RockShox Yari RC fork,/en-us/bikes/mountain/trail-bikes/habit/habit-waves,https://embed.widencdn.net/img/dorelrl/0mifrwldyr/500px@1x/C21_C23451M_Habit_Waves_RAW_PD.jpg?color=f8f8f8&q=90,https://embed.widencdn.net/img/dorelrl/addqcvi1xh/500px@1x/C21_C23451M_Habit_Waves_RAW_3Q.jpg?color=f8f8f8&q=90
Tesoro Neo X3,3,"$3,300","A rugged urban ebike w/ 28 mph Bosch Performance Sport motor, 500Wh battery and up to 70 mile range",/en-us/bikes/electric/e-touring/tesoro-neo-x/tesoro-neo-x-3-c66014u,https://embed.widencdn.net/img/dorelrl/ebojprqz2e/500px@1x/C24_C66014U_Tesoro_Neo_X_3_MRC_PD.jpg?color=f8f8f8&q=90,https://embed.widencdn.net/img/dorelrl/3pmomjgbqf/500px@1x/C24_C66014U_Tesoro_Neo_X_3_MRC_3Q.jpg?color=f8f8f8&q=90
Topstone Carbon5,5,"$3,275",Gravel bike with rear suspension with 2x11 Shimano GRX shifting,/en-us/bikes/road/gravel/topstone-carbon/topstone-carbon-5,https://embed.widencdn.net/img/dorelrl/6xvk7o87ya/500px@1x/C21_C15601M_Topstone_Crb_5_GRA_PD.jpg?color=f8f8f8&q=90,https://embed.widencdn.net/img/dorelrl/et5xuqz69h/500px@1x/C21_C15601M_Topstone_Crb_5_GRA_3Q.jpg?color=f8f8f8&q=90
SuperSix EVOCarbon Disc 105,Carbon Disc 105,"$3,225",World famous race bike with 2x11 Shimano 105 shifting,/en-us/bikes/road/race/supersix-evo/supersix-evo-carbon-disc-105,https://embed.widencdn.net/img/dorelrl/zhsataafol/500px@1x/C21_C11751M_SuperSix_EVO_Crb_BPL_PD.jpg?color=f8f8f8&q=90,https://embed.widencdn.net/img/dorelrl/r2tfea2o8c/500px@1x/C21_C11751M_SuperSix_EVO_Crb_BPL_3Q.jpg?color=f8f8f8&q=90
Adventure Neo3 EQ,3 EQ,"$3,125","Our most comfortable eBike with up to 65mi range Bosch motor, plush saddle & gear racks",/en-us/bikes/electric/e-urban/adventure-neo/adventure-neo-3-eq,https://embed.widencdn.net/img/dorelrl/trlcwj0b9f/500px@1x/C21_C68301U_Adventure_Neo_3_EQ_RRD_PD.jpg?color=f8f8f8&q=90,https://embed.widencdn.net/img/dorelrl/8n2dcvd6kr/500px@1x/C21_C68301U_Adventure_Neo_3_EQ_RRD_3Q.jpg?color=f8f8f8&q=90
Tesoro Neo X2 Remixte,2 Remixte,"$4,150",A rugged urban step-thru ebike with up to 130km/ 80mi range Bosch motor & front suspension,/en-us/bikes/electric/e-touring/tesoro-neo-x/tesoro-neo-x-2-remixte-smu,https://embed.widencdn.net/img/dorelrl/4wxxcwgyob/500px@1x/C21_C66321U_Tesoro_Neo_X_MDN_PD.jpg?color=f8f8f8&q=90,https://embed.widencdn.net/img/dorelrl/o9bndroz5e/500px@1x/C21_C66321U_Tesoro_Neo_X_MDN_3Q.jpg?color=f8f8f8&q=90
Tesoro Neo X2,2,"$4,150",A rugged urban ebike with up to 130km/ 80mi range Bosch motor & front suspension,/en-us/bikes/electric/e-touring/tesoro-neo-x/tesoro-neo-x-2-smu,https://embed.widencdn.net/img/dorelrl/apxlldyrh9/500px@1x/C21_C66321M_Tesoro_Neo_X_MDN_PD.jpg?color=f8f8f8&q=90,https://embed.widencdn.net/img/dorelrl/nnnl7qiuji/500px@1x/C21_C66321M_Tesoro_Neo_X_MDN_3Q.jpg?color=f8f8f8&q=90
SuperSix EVOSE 2,SE 2,"$4,050","Our fastest gravel race bike, 2x11 Shimano GRX shifting",/en-us/bikes/road/gravel/supersix-evo-se/supersix-evo-se-2,https://embed.widencdn.net/img/dorelrl/jc8trk2yiv/500px@1x/C22_C17272U_SuperSix_EVO_SE_2_OGN_PD.jpg?color=f8f8f8&q=90,https://embed.widencdn.net/img/dorelrl/cyysrc9hmk/500px@1x/C22_C17272U_SuperSix_EVO_SE_2_OGN_3Q.jpg?color=f8f8f8&q=90
SuperSix EVOCX,CX,"$4,050",Our fastest cyclocross race bike with 1x11 SRAM Force shifting,/en-us/bikes/road/cyclocross/supersix-evo-cx/supersix-evo-cx,https://embed.widencdn.net/img/dorelrl/x4aqwx2nmt/500px@1x/C22_C17201U_SuperSix_EVO_CX_GDT_PD.jpg?color=f8f8f8&q=90,https://embed.widencdn.net/img/dorelrl/emcjhw75nt/500px@1x/C22_C17201U_SuperSix_EVO_CX_GDT_3Q.jpg?color=f8f8f8&q=90
Scalpel HTCarbon 3,Carbon 3,"$3,025","A hardtail with razor-sharp precision, Shimano SLX shifting & 100mm RockShox SID fork",/en-us/bikes/mountain/cross-country/scalpel-ht/scalpel-ht-carbon-3,https://embed.widencdn.net/img/dorelrl/r7ozljia2s/500px@1x/C21_C25301U_Scalpel_HT_Crb_3_BLK_PD.jpg?color=f8f8f8&q=90,https://embed.widencdn.net/img/dorelrl/mfjz9i2vug/500px@1x/C21_C25301U_Scalpel_HT_Crb_3_BLK_3Q.jpg?color=f8f8f8&q=90
Topstone Carbon3 L,3 L,"$3,325","Gravel bike with rear suspension, SmartSense lights & Shimano GRX800/600 11-speed shifting",/en-us/bikes/road/gravel/topstone-carbon/topstone-carbon-3-l/2022,https://embed.widencdn.net/img/dorelrl/lwdsgt6law/500px@1x/C22_C15302U_Topstone_Crb_3_L_CRB_PD.jpg?color=f8f8f8&q=90,N/A
SynapseCarbon 3 L,Carbon 3 L,"$3,000",Our famously smooth endurance road bike with SmartSense lights & a Shimano 105 12-speed group,/en-us/bikes/road/endurance/synapse-carbon/synapse-crb-3-l,https://embed.widencdn.net/img/dorelrl/v4uyq3njs6/500px@1x/C23_C12303U_Synapse_Crb_3_L_CAS_PD.jpg?color=f8f8f8&q=90,https://embed.widencdn.net/img/dorelrl/dvmgqxyuff/500px@1x/C23_C12303U_Synapse_Crb_3_L_CAS_3Q.jpg?color=f8f8f8&q=90
Synapse Carbon3 L,3 L,"$3,325",Our famously smooth endurance road bike with SmartSense lights & a Shimano 105 group,/en-us/bikes/road/endurance/synapse-carbon/synapse-carbon-3-l,https://embed.widencdn.net/img/dorelrl/61ncslvqxs/500px@1x/C21_C12302U_Synapse_Crb_3_L_BLK_PD.jpg?color=f8f8f8&q=90,https://embed.widencdn.net/img/dorelrl/bgy8matn1f/500px@1x/C21_C12302U_Synapse_Crb_3_L_BLK_3Q.jpg?color=f8f8f8&q=90
Habit3,3,"$3,325","A fun-focused trail mtb with 130/140mm travel, SRAM NX Eagle 12-speed, G2 R 4-piston brakes and RockShox Pike fork",/en-us/bikes/mountain/trail-bikes/habit/habit-3,https://embed.widencdn.net/img/dorelrl/ekyrsuqgbv/500px@1x/C23_C23301U_Habit_3_PRH_PD.jpg?color=f8f8f8&q=90,https://embed.widencdn.net/img/dorelrl/muk7gwmdxc/500px@1x/C23_C23301U_Habit_3_PRH_3Q.jpg?color=f8f8f8&q=90
Adventure Neo4,4,"$2,875",Our most comfortable eBike with up to 65mi range Bosch motor & plush saddle,/en-us/bikes/electric/e-urban/adventure-neo/adventure-neo-4,https://embed.widencdn.net/img/dorelrl/j6bw2mlc2v/500px@1x/C21_C68401U_Adventure_Neo_4_GRY_PD.jpg?color=f8f8f8&q=90,https://embed.widencdn.net/img/dorelrl/mndd6kxqoa/500px@1x/C21_C68401U_Adventure_Neo_4_GRY_3Q.jpg?color=f8f8f8&q=90
Topstone Carbon4,4,"$2,825","Gravel bike with rear suspension, Shimano GRX 400 10-speed group & WTB tubeless ready wheels",/en-us/bikes/road/gravel/topstone-carbon/topstone-carbon-4-c15402u,https://embed.widencdn.net/img/dorelrl/7vurcowofz/500px@1x/C22_C15402U_Topstone_Crb_4_SBK_PD.jpg?color=f8f8f8&q=90,N/A
Tesoro Neo SLEQ,EQ,"$2,825",A rugged urban ebike with up to 47mi range Mahle motor,/en-us/bikes/electric/e-touring/tesoro-neo-sl-eq/tesoro-neo-sl-eq,https://embed.widencdn.net/img/dorelrl/vpavp58xq7/500px@1x/C21_C66101U_Tesoro_Neo_SL_EQ_BPL_PD.jpg?color=f8f8f8&q=90,https://embed.widencdn.net/img/dorelrl/vqzpfducam/500px@1x/C21_C66101U_Tesoro_Neo_SL_EQ_BPL_3Q.jpg?color=f8f8f8&q=90
Tesoro Neo SLEQ Remixte,EQ Remixte,"$2,825",A rugged urban step-thru ebike with up to 47mi range Mahle motor,/en-us/bikes/electric/e-touring/tesoro-neo-sl-eq/tesoro-neo-sl-eq-remixte,https://embed.widencdn.net/img/dorelrl/qkwicbmrda/500px@1x/C21_C66121U_Tesoro_Neo_SL_EQ_Remixte_BPL_PD.jpg?color=f8f8f8&q=90,https://embed.widencdn.net/img/dorelrl/vvyxdty9we/500px@1x/C21_C66121U_Tesoro_Neo_SL_EQ_Remixte_BPL_3Q.jpg?color=f8f8f8&q=90
JekyllFrameset,Frameset,"$3,725",A carbon enduro frame with 170mm suspension,/en-us/bikes/mountain/trail-bikes/jekyll/jekyll-carbon-frameset,https://embed.widencdn.net/img/dorelrl/hbgloacnd4/500px@1x/C21_C21181M_Jekyll_Crb_AM_WOW_PD.jpg?color=f8f8f8&q=90,https://embed.widencdn.net/img/dorelrl/kn0dtiliv0/500px@1x/C21_C21181M_Jekyll_Crb_AM_WOW_3Q.jpg?color=f8f8f8&q=90
Topstone Carbon105,105,"$2,750",Gravel bike with rear suspension with 2x11 Shimano 105 shifting,/en-us/bikes/road/gravel/topstone-carbon/topstone-carbon-105,https://embed.widencdn.net/img/dorelrl/d6lbu7ph5b/500px@1x/C20_C15600M_Topstone_Crb_105_BPL_PD.jpg?color=f8f8f8&q=90,https://embed.widencdn.net/img/dorelrl/0c4sn9t0uc/500px@1x/C20_C15600M_Topstone_Crb_105_BPL_3Q.jpg?color=f8f8f8&q=90
TopstoneLTD,LTD,"$2,625",Ultra-versatile alloy gravel bike with a carbon fork & Shimano GRX 800 11-speed group,/en-us/bikes/road/gravel/topstone-alloy/topstone-ltd,https://embed.widencdn.net/img/dorelrl/k1flsffukh/500px@1x/C22_C15502U_Topstone_LTD_MYG_PD.jpg?color=f8f8f8&q=90,https://embed.widencdn.net/img/dorelrl/jrjadnsouf/500px@1x/C22_C15502U_Topstone_LTD_MYG_3Q.jpg?color=f8f8f8&q=90
Synapse CarbonTiagra,Tiagra,"$2,625",An endurance road bike with 2x10 Shimano Tiagra shifting,/en-us/bikes/road/endurance/synapse-carbon/synapse-carbon-tiagra,https://embed.widencdn.net/img/dorelrl/jevluxxwtx/500px@1x/C20_C12400M_Synapse_Crb_Disc_Tgra_MDN_PD.jpg?color=f8f8f8&q=90,N/A
Synapse Carbon4,4,"$2,600",Our famously smooth endurance road bike with Shimano Tiagra 10-speed shifting,/en-us/bikes/road/endurance/synapse-carbon/synapse-carbon-4,https://embed.widencdn.net/img/dorelrl/gd1rbwlkdj/500px@1x/C21_C12402U_Synapse_Crb_4_CAS_PD.jpg?color=f8f8f8&q=90,https://embed.widencdn.net/img/dorelrl/7vbxoqsyb8/500px@1x/C21_C12402U_Synapse_Crb_4_CAS_3Q.jpg?color=f8f8f8&q=90
Tesoro Neo X3 Remixte,3 Remixte,"$3,425",A rugged urban step-thru ebike with up to 136km/ 85mi range Bosch motor& front suspension,/en-us/bikes/electric/e-touring/tesoro-neo-x/tesoro-neo-x-3-remixte-smu,https://embed.widencdn.net/img/dorelrl/jh4lq1rpsb/500px@1x/C21_C66421U_Tesoro_Neo_X_Remixte_BLK_PD.jpg?color=f8f8f8&q=90,https://embed.widencdn.net/img/dorelrl/vjkogsqpvw/500px@1x/C21_C66421U_Tesoro_Neo_X_Remixte_BLK_3Q.jpg?color=f8f8f8&q=90
Tesoro Neo X3,3,"$3,425",A rugged urban ebike with up to 136km/ 85mi range Bosch motor & front suspension,/en-us/bikes/electric/e-touring/tesoro-neo-x/tesoro-neo-x-3-smu,https://embed.widencdn.net/img/dorelrl/oiofabfglk/500px@1x/C21_C66421M_Tesoro_Neo_X_BLK_PD.jpg?color=f8f8f8&q=90,https://embed.widencdn.net/img/dorelrl/bv3kjsvkgt/500px@1x/C21_C66421M_Tesoro_Neo_X_BLK_3Q.jpg?color=f8f8f8&q=90
Habit5,5,"$2,525",An all-mountain alloy trail bike with Shimano shifting & 140mm RockShox 35 Silver fork,/en-us/bikes/mountain/trail-bikes/habit/habit-5,https://embed.widencdn.net/img/dorelrl/yl9fcnrqqq/500px@1x/C21_C23601M_Habit_5_BLK_PD.jpg?color=f8f8f8&q=90,https://embed.widencdn.net/img/dorelrl/oxjgnxnrvp/500px@1x/C21_C23601M_Habit_5_BLK_3Q.jpg?color=f8f8f8&q=90
Topstone Carbon3 L 650b,3 L 650b,"$2,700","Gravel bike with rear suspension, SmartSense lights, Shimano GRX800/600 & 650b wheels",/en-us/bikes/road/gravel/topstone-carbon/topstone-carbon-3-l-650b,https://embed.widencdn.net/img/dorelrl/yw1ori03gs/500px@1x/C22_C15352U_Topstone_Crb_3_L_CRB_PD.jpg?color=f8f8f8&q=90,https://embed.widencdn.net/img/dorelrl/avmcun7t1n/500px@1x/C22_C15352U_Topstone_Crb_3_L_CRB_3Q.jpg?color=f8f8f8&q=90
Adventure Neo3.1 EQ,3.1 EQ,"$3,100","Our most comfortable eBike with up to 74mi range Bosch motor, plush saddle & gear racks",/en-us/bikes/electric/e-urban/adventure-neo/adventure-neo-3-1-eq,https://embed.widencdn.net/img/dorelrl/tklwlvarfu/500px@1x/C21_C68321U_Adventure_Neo_3.1_EQ_BLK_PD.jpg?color=f8f8f8&q=90,https://embed.widencdn.net/img/dorelrl/t9ferzfanv/500px@1x/C21_C68321U_Adventure_Neo_3.1_EQ_BLK_3Q.jpg?color=f8f8f8&q=90
Topstone1,1,"$2,450",Ultra-versatile alloy gravel bike with a carbon fork & Shimano GRX 820/600 12-speed gravel group,/en-us/bikes/road/gravel/topstone-alloy/topstone-1,https://embed.widencdn.net/img/dorelrl/xy62xnbzew/500px@1x/C23_C15603U_Topstone_1_GMG_PD.jpg?color=f8f8f8&q=90,https://embed.widencdn.net/img/dorelrl/dpnsipa2ec/500px@1x/C23_C15603U_Topstone_1_GMG_3Q.jpg?color=f8f8f8&q=90
Bad Boy1,1,"$2,325",An urban icon with reliable belt drive & Lefty LightPipe fork,/en-us/bikes/active/urban/bad-boy/bad-boy-1,https://embed.widencdn.net/img/dorelrl/bdiedksinz/500px@1x/C20_C33100M_Bad_Boy_1_BBQ_PD.jpg?color=f8f8f8&q=90,https://embed.widencdn.net/img/dorelrl/pdhwsgfbde/500px@1x/C20_C33100M_Bad_Boy_1_BBQ_3Q.jpg?color=f8f8f8&q=90
CAAD13Disc 105,Disc 105,"$2,325",The best alloy race bike with carbon fork & 2x11 Shimano 105 shifting,/en-us/bikes/road/race/caad13/caad13-disc-105-c13321u,https://embed.widencdn.net/img/dorelrl/rthpm1xssn/500px@1x/C21_C13321U_CAAD13_Disc_105_BBQ_PD.jpg?color=f8f8f8&q=90,https://embed.widencdn.net/img/dorelrl/rtbeaz0eh7/500px@1x/C21_C13321U_CAAD13_Disc_105_BBQ_3Q.jpg?color=f8f8f8&q=90
Topstone1,1,"$2,325",Versatile alloy gravel bike with carbon fork & 2x11 Shimano 800/600 GRX shifting,/en-us/bikes/road/gravel/topstone-alloy/topstone-1/2021,https://embed.widencdn.net/img/dorelrl/yuvxjafbxy/500px@1x/C21_C15701M_Topstone_1_SLT_PD.jpg?color=f8f8f8&q=90,https://embed.widencdn.net/img/dorelrl/6q2203av8v/500px@1x/C21_C15701M_Topstone_1_SLT_3Q.jpg?color=f8f8f8&q=90
Habit4,4,"$2,300","A fun-focused trail mtb with 130/140mm travel, Shimano Deore 12-speed shifting and RockShox Recon RL fork",/en-us/bikes/mountain/trail-bikes/habit/habit-4,https://embed.widencdn.net/img/dorelrl/jjrpzhjewf/500px@1x/C23_C23401U_Habit_4_CRD_PD.jpg?color=f8f8f8&q=90,https://embed.widencdn.net/img/dorelrl/wdsctazyig/500px@1x/C23_C23401U_Habit_4_CRD_3Q.jpg?color=f8f8f8&q=90
Scalpel HTCarbon 4,Carbon 4,"$2,300","A hardtail with razor-sharp precision, Shimano shifting & 100mm RockShox SID fork",/en-us/bikes/mountain/cross-country/scalpel-ht/scalpel-ht-carbon-4,https://embed.widencdn.net/img/dorelrl/iwbxd1tete/500px@1x/C21_C25401U_Scalpel_HT_Crb_4_ARD_PD.jpg?color=f8f8f8&q=90,https://embed.widencdn.net/img/dorelrl/24egss6ejx/500px@1x/C21_C25401U_Scalpel_HT_Crb_4_ARD_3Q.jpg?color=f8f8f8&q=90
Treadwell Neo,N/A,"$2,300","A light, lively & fun eBike with up to 47mi range motor",/en-us/bikes/electric/e-fitness/treadwell-neo/treadwell-neo/2020,https://embed.widencdn.net/img/dorelrl/flycfmnisj/500px@1x/C20_C63150M_Treadwell_Neo_MAT_PD.jpg?color=f8f8f8&q=90,https://embed.widencdn.net/img/dorelrl/dpywcqkypd/500px@1x/C20_C63150M_Treadwell_Neo_MAT_3Q.jpg?color=f8f8f8&q=90
TrailSE 1,SE 1,"$2,225",A rugged alloy hardtail with 1x12 SRAM SX shifting & 120mm RockShox 35 Gold RL fork,/en-us/bikes/mountain/trail-bikes/trail/trail-se-1,https://embed.widencdn.net/img/dorelrl/umzzthyo2r/500px@1x/C21_C26101M_Trail_SL_1_MTG_PD.jpg?color=f8f8f8&q=90,https://embed.widencdn.net/img/dorelrl/h6ls3jcxg3/500px@1x/C21_C26101M_Trail_SL_1_MTG_3Q.jpg?color=f8f8f8&q=90
Topstone1,1,"$2,325",Ultra-versatile alloy gravel bike with a carbon fork & Shimano GRX800/600 11-speed group,/en-us/bikes/road/gravel/topstone-alloy/topstone-1-c15602u,https://embed.widencdn.net/img/dorelrl/e8fwcqzfc1/500px@1x/C22_C15602U_Topstone_1_MRC_PD.jpg?color=f8f8f8&q=90,N/A
Adventure Neo AllroadSpeed,Speed,"$2,200","A faster version of our rugged e-bike, with front suspension and 71 miles of range.",/en-us/bikes/electric/e-urban/adventure-neo-allroad/adventure-neo-allroad-speed,https://embed.widencdn.net/img/dorelrl/febkhsbjr9/500px@1x/C23_C68303M_Adventure_Neo_Allrd_S_BLK_PD.jpg?color=f8f8f8&q=90,https://embed.widencdn.net/img/dorelrl/bja0zonus7/500px@1x/C23_C68303M_Adventure_Neo_Allrd_S_BLK_3Q.jpg?color=f8f8f8&q=90
Adventure Neo AllroadSpeed Low StepThru,Speed Low StepThru,"$2,200","A faster, step-thru version of our rugged e-bike, with front suspension and 71 miles of range.",/en-us/bikes/electric/e-urban/adventure-neo-allroad/adventure-neo-allroad-speed-low-stepthru,https://embed.widencdn.net/img/dorelrl/9ho3nfd5f8/500px@1x/C23_C68303U_Adventure_Neo_Allrd_S_LSTH_BLK_PD.jpg?color=f8f8f8&q=90,https://embed.widencdn.net/img/dorelrl/pwg0bh2bi4/500px@1x/C23_C68303U_Adventure_Neo_Allrd_S_LSTH_BLK_3Q.jpg?color=f8f8f8&q=90
Synapse1,1,"$2,100",A smooth-riding aluminum road bike with Shimano 105 12-speed & DT Swiss R470 wheels,/en-us/bikes/road/endurance/synapse/synapse-1,https://embed.widencdn.net/img/dorelrl/jw8pbsaqp2/500px@1x/C23_C12503U_Synapse_1_RRD_PD.jpg?color=f8f8f8&q=90,https://embed.widencdn.net/img/dorelrl/gxgdzldq8h/500px@1x/C23_C12503U_Synapse_1_RRD_3Q.jpg?color=f8f8f8&q=90
SuperSix EVOCX/SE Frameset,CX/SE Frameset,"$2,725","A cyclocross and gravel race rocket, made to stay at the pointy end of any off-road road race.",/en-us/bikes/road/cyclocross/supersix-evo-cx/supersix-evo-cx-se-frameset-c11381u,https://embed.widencdn.net/img/dorelrl/gwu9018abh/500px@1x/C21_C11381U_SuperSix_EVO_SE_CX_AM_Frm_BKM_PD.jpg?color=f8f8f8&q=90,https://embed.widencdn.net/img/dorelrl/nnviqx53c4/500px@1x/C21_C11381U_SuperSix_EVO_SE_CX_AM_Frm_BKM_3Q.jpg?color=f8f8f8&q=90
Synapse105,105,"$2,025",An alloy endurance road bike bike with carbon fork & 2x11 Shimano 105 shifting,/en-us/bikes/road/endurance/synapse/synapse-105,https://embed.widencdn.net/img/dorelrl/9fbynxpt4r/500px@1x/C21_C12501M_Synapse_105_CRD_PD.jpg?color=f8f8f8&q=90,https://embed.widencdn.net/img/dorelrl/nl7oxeavuc/500px@1x/C21_C12501M_Synapse_105_CRD_3Q.jpg?color=f8f8f8&q=90
Topstone2,2,"$2,000",Ultra-versatile alloy gravel bike with a carbon fork & Shimano GRX400 10-speed group,/en-us/bikes/road/gravel/topstone-alloy/topstone-2-c15702u,https://embed.widencdn.net/img/dorelrl/ildrilnlqs/500px@1x/C22_C15702U_Topstone_2_MDN.jpg?color=f8f8f8&q=90,https://embed.widencdn.net/img/dorelrl/yctizmt88p/500px@1x/C22_C15702U_Topstone_2_MDN_3Q.jpg?color=f8f8f8&q=90
Treadwell Neo2 EQ,2 EQ,"$2,175","A light & fun ebike with a powerful rear hub motor and up to 47 mile range, plus rack, lights and fenders",/en-us/bikes/electric/e-fitness/treadwell-neo/treadwell-neo-2-eq,https://embed.widencdn.net/img/dorelrl/n1omwnnogs/500px@1x/C21_C63302U_Treadwell_Neo_2_EQ_RAW_PD.jpg?color=f8f8f8&q=90,https://embed.widencdn.net/img/dorelrl/hm5mcpnn5k/500px@1x/C21_C63302U_Treadwell_Neo_2_EQ_GRY_3Q.jpg?color=f8f8f8&q=90
Treadwell Neo2 EQ Remixte,2 EQ Remixte,"$2,175","A light & fun ebike with a powerful rear hub motor and up to 47 mile range, plus rack, lights and fenders",/en-us/bikes/electric/e-fitness/treadwell-neo/treadwell-neo-2-eq-remixte,https://embed.widencdn.net/img/dorelrl/w5xutg4tz2/500px@1x/C21_C63352U_Treadwell_Neo_2_EQ_Remixte_GRY_PD.jpg?color=f8f8f8&q=90,https://embed.widencdn.net/img/dorelrl/ggu6qj2och/500px@1x/C21_C63352U_Treadwell_Neo_2_EQ_Remixte_GRY_3Q.jpg?color=f8f8f8&q=90
Treadwell Neo2 Remixte,2 Remixte,"$1,925","A light, lively & fun ebike with a powerful rear hub motor and up to 47 mile range",/en-us/bikes/electric/e-fitness/treadwell-neo/treadwell-neo-2-remixte,https://embed.widencdn.net/img/dorelrl/jxiwghwckg/500px@1x/C21_C63452U_Treadwell_Neo_2_Remixte_GMG_PD.jpg?color=f8f8f8&q=90,https://embed.widencdn.net/img/dorelrl/uuqfj8m0zp/500px@1x/C21_C63452U_Treadwell_Neo_2_Remixte_GMG_3Q.jpg?color=f8f8f8&q=90
Treadwell Neo2,2,"$1,925","A light, lively & fun ebike with a powerful rear hub motor and up to 47 mile range",/en-us/bikes/electric/e-fitness/treadwell-neo/treadwell-neo-2,https://embed.widencdn.net/img/dorelrl/qv793eocxi/500px@1x/C21_C63402U_Treadwell_Neo_2_GMG_PD.jpg?color=f8f8f8&q=90,https://embed.widencdn.net/img/dorelrl/uogbzjf8aq/500px@1x/C21_C63402U_Treadwell_Neo_2_GMG_3Q.jpg?color=f8f8f8&q=90
Compact Neo,N/A,"$1,900","A compact and capable ebike built for urban life. 20â€ wheels, rear hub drive and up to 47 mile range.",/en-us/bikes/electric/e-urban/compact-neo/compact-neo,https://embed.widencdn.net/img/dorelrl/z5cga2nxwc/500px@1x/C22_C60102U_Compact_Neo_SBK_PD.jpg?color=f8f8f8&q=90,https://embed.widencdn.net/img/dorelrl/6ogqwnmn74/500px@1x/C22_C60102U_Compact_Neo_SBK_3Q.jpg?color=f8f8f8&q=90
TrailSE 2,SE 2,"$1,875",A rugged alloy hardtail with 1x12 SRAM SX shifting & 120mm RockShox Silver R fork,/en-us/bikes/mountain/trail-bikes/trail/trail-se-2,https://embed.widencdn.net/img/dorelrl/fr6dfv3kgd/500px@1x/C21_C26201M_Trail_SE_2_EMR_PD.jpg?color=f8f8f8&q=90,https://embed.widencdn.net/img/dorelrl/rzkrngpzpq/500px@1x/C21_C26201M_Trail_SE_2_EMR_3Q.jpg?color=f8f8f8&q=90
Adventure Neo AllroadEQ Low StepThru,EQ Low StepThru,"$1,875","A rugged, step-thru e-bike with a rear rack and lights included, plus 47 miles of range.",/en-us/bikes/electric/e-urban/adventure-neo-allroad/adventure-neo-allroad-eq-low-stepthru,https://embed.widencdn.net/img/dorelrl/1lwosftqf8/500px@1x/C23_C68403U_Adventure_Neo_Allrd_EQ_LSTH_BLK_PD.jpg?color=f8f8f8&q=90,https://embed.widencdn.net/img/dorelrl/oenmrbnmys/500px@1x/C23_C68403U_Adventure_Neo_Allrd_EQ_LSTH_BLK_3Q.jpg?color=f8f8f8&q=90
Adventure Neo AllroadEQ,EQ,"$1,875","A rugged, versatile e-bike with a rear rack and lights included, plus 47 miles of range.",/en-us/bikes/electric/e-urban/adventure-neo-allroad/adventure-neo-allroad-eq,https://embed.widencdn.net/img/dorelrl/4bmv0aiuep/500px@1x/C23_C68403M_Adventure_Neo_Allrd_EQ_BLK_PD.jpg?color=f8f8f8&q=90,https://embed.widencdn.net/img/dorelrl/ilxqz2hlhd/500px@1x/C23_C68403M_Adventure_Neo_Allrd_EQ_BLK_3Q.jpg?color=f8f8f8&q=90
Synapse2,2,"$1,800","A smooth-riding aluminum road bike with Shimano Tiagra 10-speed, DT Swiss R470 wheels, and Contain top tube bag",/en-us/bikes/road/endurance/synapse/synapse-2,https://embed.widencdn.net/img/dorelrl/0f2yzyb3vy/500px@1x/C23_C12602U_Synapse_2_CHK_PD.jpg?color=f8f8f8&q=90,https://embed.widencdn.net/img/dorelrl/3du8mi6urq/500px@1x/C23_C12602U_Synapse_2_CHK_3Q.jpg?color=f8f8f8&q=90
SynapseTiagra,Tiagra,"$1,725",An alloy endurance road bike bike with carbon fork & 2x10 Shimano Tiagra shifting,/en-us/bikes/road/endurance/synapse/synapse-tiagra,https://embed.widencdn.net/img/dorelrl/j524hpk2bd/500px@1x/C21_C12601M_Synapse_Tgra_MTG_PD.jpg?color=f8f8f8&q=90,https://embed.widencdn.net/img/dorelrl/pjg10yg5ww/500px@1x/C21_C12601M_Synapse_Tgra_MTG_3Q.jpg?color=f8f8f8&q=90
Adventure Neo Allroad,N/A,"$1,675","A rugged, versatile e-bike with up to 47 miles of range.",/en-us/bikes/electric/e-urban/adventure-neo-allroad/adventure-neo-allroad,https://embed.widencdn.net/img/dorelrl/l0cv3mrguy/500px@1x/C23_C68402U_Adventure_Neo_Allrd_BLK_PD.jpg?color=f8f8f8&q=90,https://embed.widencdn.net/img/dorelrl/qnjg32vgcn/500px@1x/C23_C68402U_Adventure_Neo_Allrd_BLK_3Q.jpg?color=f8f8f8&q=90
Adventure Neo AllroadLow StepThru,Low StepThru,"$1,675","A rugged, versatile e-bike with a low step-thru frame and up to 47 miles of range.",/en-us/bikes/electric/e-urban/adventure-neo-allroad/adventure-neo-allroad-low-stepthru,https://embed.widencdn.net/img/dorelrl/6u1gwd9mdf/500px@1x/C23_C68502U_Adventure_Neo_Allrd_LSTH_JDE_PD.jpg?color=f8f8f8&q=90,https://embed.widencdn.net/img/dorelrl/pqm4qbr1yh/500px@1x/C23_C68502U_Adventure_Neo_Allrd_LSTH_JDE_3Q.jpg?color=f8f8f8&q=90
Habit26,26,"$1,650",A ripping 26â€ wheel dual suspension mountain bike for aspiring shredders.,/en-us/bikes/kids/7-to-12/kids-habit-7-to-12/habit-26,https://embed.widencdn.net/img/dorelrl/xwcfwafxwg/500px@1x/C23_C58102U_Habit_DTE_PD.jpg?color=f8f8f8&q=90,https://embed.widencdn.net/img/dorelrl/fv4ors7fdz/500px@1x/C23_C58102U_Habit_DTE_3Q.jpg?color=f8f8f8&q=90
CAAD Optimo1,1,"$1,625","An alloy road bike with carbon fork, 2x11 Shimano 105 shifting & rim brakes",/en-us/bikes/road/race/caad-optimo/caad-optimo-1,https://embed.widencdn.net/img/dorelrl/6fvcvklv1x/500px@1x/C21_C14101M_CAAD_Optimo_1_CRD_PD.jpg?color=f8f8f8&q=90,https://embed.widencdn.net/img/dorelrl/yt3ggwp9td/500px@1x/C21_C14101M_CAAD_Optimo_1_CRD_3Q.jpg?color=f8f8f8&q=90
Quick1,1,"$1,625",A lightweight hybrid with 22-speed Shimano 105 shifting & carbon fork,/en-us/bikes/active/fitness/quick/quick-1,https://embed.widencdn.net/img/dorelrl/lxpwosgdfk/500px@1x/C20_C31100M_Quick_1_BPL_PD.jpg?color=f8f8f8&q=90,https://embed.widencdn.net/img/dorelrl/zax6amdeuk/500px@1x/C20_C31100M_Quick_1_BPL_3Q.jpg?color=f8f8f8&q=90
Habit HT1,1,"$1,550",A rowdy hardtail mountainbike with a 130mm RockShox 35 fork and Shimano Deore 12-speed shifting.,/en-us/bikes/mountain/trail-bikes/habit-ht/habit-ht-1,https://embed.widencdn.net/img/dorelrl/ldyjqaeasd/500px@1x/C23_C26102U_Habit_HT_1_MRC_PD.jpg?color=f8f8f8&q=90,https://embed.widencdn.net/img/dorelrl/ldyjqaeasd/500px@1x/C23_C26102U_Habit_HT_1_MRC_PD.jpg?color=f8f8f8&q=90
Topstone3,3,"$1,525",Versatile alloy gravel bike with carbon fork & 2x9 Shimano Sora shifting,/en-us/bikes/road/gravel/topstone-alloy/topstone-3,https://embed.widencdn.net/img/dorelrl/pbw0f8klte/500px@1x/C21_C15871M_Topstone_3_GRA_PD.jpg?color=f8f8f8&q=90,https://embed.widencdn.net/img/dorelrl/lexahd7hpj/500px@1x/C21_C15871M_Topstone_3_GRA_3Q.jpg?color=f8f8f8&q=90
TrailSE 3,SE 3,"$1,525",An rugged alloy hardtail with 1x11 Shimano shifting & 120mm RockShox Silver fork,/en-us/bikes/mountain/trail-bikes/trail/trail-se-3-c26361m,https://embed.widencdn.net/img/dorelrl/ahkff3b4tx/500px@1x/C21_C26361M_Trail_SE_3_MAT_PD.jpg?color=f8f8f8&q=90,https://embed.widencdn.net/img/dorelrl/qrhuc5vdix/500px@1x/C21_C26361M_Trail_SE_3_MAT_3Q.jpg?color=f8f8f8&q=90
TrailSE 3,SE 3,"$1,525",A rugged alloy hardtail with 1x11 Shimano shifting & 120mm RockShox Silver fork,/en-us/bikes/mountain/trail-bikes/trail/trail-se-3,https://embed.widencdn.net/img/dorelrl/o87asehclw/500px@1x/C21_C26301M_Trail_SE_3_IOR_PD.jpg?color=f8f8f8&q=90,https://embed.widencdn.net/img/dorelrl/qsoedrbvxe/500px@1x/C21_C26301M_Trail_SE_3_IOR_3Q.jpg?color=f8f8f8&q=90
Bad Boy2,2,"$1,425",An urban icon with 18-speed shifting & Lefty LightPipe fork,/en-us/bikes/active/urban/bad-boy/bad-boy-2,https://embed.widencdn.net/img/dorelrl/ihrxvmtd5j/500px@1x/C20_C33200M_Bad_Boy_2_BBQ_PD.jpg?color=f8f8f8&q=90,N/A
Topstone3,3,"$1,600",Ultra-versatile alloy gravel bike with a carbon fork & Shimano Sora 9-speed group,/en-us/bikes/road/gravel/topstone-alloy/topstone-3-c15802u,https://embed.widencdn.net/img/dorelrl/pf1ofx543z/500px@1x/C22_C15802U_Topstone_3_GRY_PD.jpg?color=f8f8f8&q=90,N/A
QuickWomen's 1,Women's 1,"$1,625",A lightweight hybrid with 22-speed Shimano 105 shifting & carbon fork,/en-us/bikes/active/fitness/quick/quick-womens-1,https://embed.widencdn.net/img/dorelrl/a9st7mctgz/500px@1x/C20_C31100F_Quick_1_CHP_PD.jpg?color=f8f8f8&q=90,https://embed.widencdn.net/img/dorelrl/bnhf6jbmlp/500px@1x/C20_C31100F_Quick_1_CHP_3Q.jpg?color=f8f8f8&q=90
CAAD Optimo2,2,"$1,375","An alloy road bike with carbon fork, 2x10 Shimano Tiagra shifting & rim brakes",/en-us/bikes/road/race/caad-optimo/caad-optimo-2,https://embed.widencdn.net/img/dorelrl/jxqmancbkl/500px@1x/C21_C14201M_CAAD_Optimo_2_BPL_PD.jpg?color=f8f8f8&q=90,https://embed.widencdn.net/img/dorelrl/qp63qg8thl/500px@1x/C21_C14201M_CAAD_Optimo_2_BPL_3Q.jpg?color=f8f8f8&q=90
Habit HT2,2,"$1,350",A rowdy hardtail mountain bike with a 130mm RockShox Judy fork and microSHIFT Advent X Pro 10-speed shifting.,/en-us/bikes/mountain/trail-bikes/habit-ht/habit-ht-2,https://embed.widencdn.net/img/dorelrl/rkkdgw3hco/500px@1x/C23_C26202U_Habit_HT_2_MAT_PD.jpg?color=f8f8f8&q=90,https://embed.widencdn.net/img/dorelrl/v0e5zqecep/500px@1x/C23_C26202U_Habit_HT_2_MAT_3Q.jpg?color=f8f8f8&q=90
Topstone4,4,"$1,325",Versatile alloy gravel bike with carbon fork & 1x10 shifting,/en-us/bikes/road/gravel/topstone-alloy/topstone-4,https://embed.widencdn.net/img/dorelrl/ceuusvayta/500px@1x/C21_C15801M_Topstone_4_BKM_PD.jpg?color=f8f8f8&q=90,https://embed.widencdn.net/img/dorelrl/6mrpqryo35/500px@1x/C21_C15801M_Topstone_4_BKM_3Q.jpg?color=f8f8f8&q=90
SynapseWomen's Sora,Women's Sora,"$1,325","An alloy endurance road bike bike with carbon fork, 2x9 Shimano Sora shifting",/en-us/bikes/road/endurance/synapse/synapse-womens-sora,https://embed.widencdn.net/img/dorelrl/vzhwzrrtoz/500px@1x/C20_C12650F_Synapse_Al_Disc_Sora_CAS_PD.jpg?color=f8f8f8&q=90,https://embed.widencdn.net/img/dorelrl/5dl9gwqqka/500px@1x/C20_C12650F_Synapse_Al_Disc_Sora_CAS_3Q.jpg?color=f8f8f8&q=90
Synapse3,3,"$1,300",A smooth-riding aluminum road bike with Shimano Sora 9-speed shifting & powerful mechanical disc brakes,/en-us/bikes/road/endurance/synapse/synapse-3,https://embed.widencdn.net/img/dorelrl/na0lazi3i3/500px@1x/C23_C12702U_Synapse_3_SBK_PD.jpg?color=f8f8f8&q=90,https://embed.widencdn.net/img/dorelrl/3xk7uslkoc/500px@1x/C23_C12702U_Synapse_3_SBK_3Q.jpg?color=f8f8f8&q=90
CAAD Optimo3,3,"$1,300","An alloy road bike with carbon fork, 2x9 Shimano Sora shifting & rim brakes",/en-us/bikes/road/race/caad-optimo/caad-optimo-3,https://embed.widencdn.net/img/dorelrl/pr9bwqmmks/500px@1x/C21_C14301M_CAAD_Optimo_3_ULV_PD.jpg?color=f8f8f8&q=90,https://embed.widencdn.net/img/dorelrl/5aytw60nnp/500px@1x/C21_C14301M_CAAD_Optimo_3_ULV_3Q.jpg?color=f8f8f8&q=90
Quick CXWomen's 1,Women's 1,"$1,500",An urban adventure bike with 12-speed SRAM SX Eagle shifting & front suspension,/en-us/bikes/active/fitness/quick-cx/quick-cx-womens-1,https://embed.widencdn.net/img/dorelrl/hj7heiagr7/500px@1x/C23_C31151F_Quick_CX_1_SGE_PD.jpg?color=f8f8f8&q=90,https://embed.widencdn.net/img/dorelrl/okd23fbzvh/500px@1x/C23_C31151F_Quick_CX_1_SGE_3Q.jpg?color=f8f8f8&q=90
Quick CX1,1,"$1,500",An urban adventure bike with 12-speed SRAM SX Eagle shifting & front suspension,/en-us/bikes/active/fitness/quick-cx/quick-cx-1,https://embed.widencdn.net/img/dorelrl/uqjsfsjt6a/500px@1x/C21_C31151M_Quick_CX_1_MAT_PD.jpg?color=f8f8f8&q=90,https://embed.widencdn.net/img/dorelrl/5e7qgushe6/500px@1x/C21_C31151M_Quick_CX_1_MAT_3Q.jpg?color=f8f8f8&q=90
Quick2,2,"$1,200",A lightweight hybrid with 1x9 shifting & carbon fork,/en-us/bikes/active/fitness/quick/quick-2,https://embed.widencdn.net/img/dorelrl/f54nswagqc/500px@1x/C20_C31200M_Quick_2_CRU_PD.jpg?color=f8f8f8&q=90,https://embed.widencdn.net/img/dorelrl/g2fnntsj01/500px@1x/C20_C31200M_Quick_2_CRU_3Q.jpg?color=f8f8f8&q=90
Topstone4,4,"$1,375",Ultra-versatile alloy gravel bike with a carbon fork & microSHIFT Advent X 10-speed group,/en-us/bikes/road/gravel/topstone-alloy/topstone-4-c15902u,https://embed.widencdn.net/img/dorelrl/9dhioyfhyk/500px@1x/C22_C15902U_Topstone_4_BLK_PD.jpg?color=f8f8f8&q=90,N/A
QuickWomen's 2,Women's 2,"$1,175",A lightweight hybrid with 18-speed Shimano Sora shifting & carbon fork,/en-us/bikes/active/fitness/quick/quick-womens-2,https://embed.widencdn.net/img/dorelrl/iffd4tuxuy/500px@1x/C21_C31200F_Quick_Disc_2_BCH_PD.jpg?color=f8f8f8&q=90,https://embed.widencdn.net/img/dorelrl/vsqjckecea/500px@1x/C21_C31200F_Quick_Disc_2_BCH_3Q.jpg?color=f8f8f8&q=90
TrailSE 4,SE 4,"$1,175",A rugged alloy hardtail with 1x10 Shimano shifting & 120mm suspension fork,/en-us/bikes/mountain/trail-bikes/trail/trail-se-4,https://embed.widencdn.net/img/dorelrl/2pkkirejm9/500px@1x/C21_C26401M_Trail_SE_4_GRY_PD.jpg?color=f8f8f8&q=90,https://embed.widencdn.net/img/dorelrl/bmiluqbqz5/500px@1x/C21_C26401M_Trail_SE_4_GRY_3Q.jpg?color=f8f8f8&q=90
TrailWomen's SE 4,Women's SE 4,"$1,175",A rugged alloy hardtail with 1x10 Shimano shifting & 120mm suspension fork,/en-us/bikes/mountain/trail-bikes/trail/trail-womens-se-4,https://embed.widencdn.net/img/dorelrl/q8ijngh38j/500px@1x/C21_C26201F_Trail_SE_4_PUR_PD.jpg?color=f8f8f8&q=90,https://embed.widencdn.net/img/dorelrl/0xsx5wrrcw/500px@1x/C21_C26201F_Trail_SE_4_PUR_3Q.jpg?color=f8f8f8&q=90
Habit HT3,3,"$1,100",A rowdy hardtail mountainbike with a 130mm Suntour XCR fork and microSHIFT Advent X 10-speed shifting.,/en-us/bikes/mountain/trail-bikes/habit-ht/habit-ht-3,https://embed.widencdn.net/img/dorelrl/t70vap5kdv/500px@1x/C23_C26302U_Habit_HT_3_BPL_PD.jpg?color=f8f8f8&q=90,https://embed.widencdn.net/img/dorelrl/zdejbxdmf1/500px@1x/C23_C26302U_Habit_HT_3_BPL_3Q.jpg?color=f8f8f8&q=90
DaveDirt Jump,Dirt Jump,"$1,300",A rowdy alloy dirt jumper with 100mm Manitou fork,/en-us/bikes/mountain/trail-bikes/dave/dave,https://embed.widencdn.net/img/dorelrl/qdziym8qp1/500px@1x/C23_C29201U_Dave_DTE_PD.jpg?color=f8f8f8&q=90,https://embed.widencdn.net/img/dorelrl/lcduuw0azg/500px@1x/C23_C29201U_Dave_DTE_3Q.jpg?color=f8f8f8&q=90
CAAD Optimo4,4,"$1,025","An alloy road bike with carbon fork, 2x8 Shimano Claris shifting & rim brakes",/en-us/bikes/road/race/caad-optimo/caad-optimo-4,https://embed.widencdn.net/img/dorelrl/bjowl6i7ue/500px@1x/C23_C14401M_CAAD_Optimo_4_ELB_PD.jpg?color=f8f8f8&q=90,N/A
TreadwellEQ DLX Remixte,EQ DLX Remixte,"$1,350","A light, lively step-thru bike with 9-speed shifting, dynamo lighting & racks for gear",/en-us/bikes/active/fitness/treadwell/treadwell-eq-dlx-remixte,https://embed.widencdn.net/img/dorelrl/qs5nftabqs/500px@1x/C21_C37131U_Treadwell_EQ_DLX_Remixte_BKM_PD.jpg?color=f8f8f8&q=90,https://embed.widencdn.net/img/dorelrl/smmrkz31kj/500px@1x/C21_C37131U_Treadwell_EQ_DLX_Remixte_BKM_3Q.jpg?color=f8f8f8&q=90
TreadwellEQ DLX,EQ DLX,"$1,350","A light, lively step-thru bike with 9-speed shifting, dynamo lighting & racks for gear",/en-us/bikes/active/fitness/treadwell/treadwell-eq-dlx,https://embed.widencdn.net/img/dorelrl/8iy3btirta/500px@1x/C21_C37131M_Treadwell_EQ_DLX_BKM_PD.jpg?color=f8f8f8&q=90,https://embed.widencdn.net/img/dorelrl/ae4l7e5trb/500px@1x/C21_C37131M_Treadwell_EQ_DLX_BKM_3Q.jpg?color=f8f8f8&q=90
Bad Boy3,3,"$1,275",An urban icon with 16-speed shifting & rigid fork,/en-us/bikes/active/urban/bad-boy/bad-boy-3,https://embed.widencdn.net/img/dorelrl/kf5otm1cti/500px@1x/C20_C33300M_Bad_Boy_3_BBQ_PD.jpg?color=f8f8f8&q=90,N/A
Treadwell2 Remixte Ltd,2 Remixte Ltd,"$1,000","A light, lively step-thru bike with 9-speed shifting, plush saddle & limited-edition paint",/en-us/bikes/active/fitness/treadwell/treadwell-2-remixte-ltd,https://embed.widencdn.net/img/dorelrl/zu6ogbserr/500px@1x/C21_C37201U_Treadwell_2_Remixte_WOW_PD.jpg?color=f8f8f8&q=90,https://embed.widencdn.net/img/dorelrl/uxwtnjiasn/500px@1x/C21_C37201U_Treadwell_2_Remixte_WOW_3Q.jpg?color=f8f8f8&q=90
Adventure1,1,$960,"Our most comfortable bike with 16-speed shifting, front suspension & a plush saddle",/en-us/bikes/active/fitness/adventure/adventure-1-c32201u,https://embed.widencdn.net/img/dorelrl/k6yhr8w4ta/500px@1x/C21_C32201U_Adventure_1_CMT_PD.jpg?color=f8f8f8&q=90,https://embed.widencdn.net/img/dorelrl/gqmybfx8zl/500px@1x/C21_C32201U_Adventure_1_CMT_3Q.jpg?color=f8f8f8&q=90
TrailWomen's 5,Women's 5,$960,A rugged alloy hardtail with 1x10 shifting & 100mm suspension fork,/en-us/bikes/mountain/trail-bikes/trail/trail-womens-5,https://embed.widencdn.net/img/dorelrl/r4kzu3ryoi/500px@1x/C22_C26301F_Trail_5_BPL_PD.jpg?color=f8f8f8&q=90,https://embed.widencdn.net/img/dorelrl/5jnj6pyfrf/500px@1x/C22_C26301F_Trail_5_BPL_3Q.jpg?color=f8f8f8&q=90
Treadwell2 Remixte,2 Remixte,$950,"A light, lively step-thru bike with 9-speed shifting & a plush saddle",/en-us/bikes/active/fitness/treadwell/treadwell-2-remixte,https://embed.widencdn.net/img/dorelrl/u78gsvpj5y/500px@1x/C22_C37200U_Treadwell_2_Remixte_JDE_PD.jpg?color=f8f8f8&q=90,https://embed.widencdn.net/img/dorelrl/vwmjiajotz/500px@1x/C22_C37200U_Treadwell_2_Remixte_JDE_3Q.jpg?color=f8f8f8&q=90
Treadwell2,2,$950,"A light, lively & fun bike with 9-speed shifting & a plush saddle",/en-us/bikes/active/fitness/treadwell/treadwell-2,https://embed.widencdn.net/img/dorelrl/rl6rdhsfmm/500px@1x/C21_C37200M_Treadwell_2_DPK_PD.jpg?color=f8f8f8&q=90,https://embed.widencdn.net/img/dorelrl/umcnucw3ih/500px@1x/C21_C37200M_Treadwell_2_DPK_3Q.jpg?color=f8f8f8&q=90
Quick CX2,2,"$1,175",An urban adventure bike with 18-speed Shimano Alivio shifting & front suspension,/en-us/bikes/active/fitness/quick-cx/quick-cx-2,https://embed.widencdn.net/img/dorelrl/az8w8itnla/500px@1x/C21_C31251M_Quick_CX_2_SBR_PD.jpg?color=f8f8f8&q=90,https://embed.widencdn.net/img/dorelrl/rtddyh77fc/500px@1x/C21_C31251M_Quick_CX_2_SBR_3Q.jpg?color=f8f8f8&q=90
SynapseSora,Sora,"$1,325","An alloy endurance road bike bike with carbon fork, 2x9 Shimano Sora shifting",/en-us/bikes/road/endurance/synapse/synapse-sora,https://embed.widencdn.net/img/dorelrl/iyzggpjgx6/500px@1x/C20_C12650M_Synapse_Al_Disc_Sora_SGG_PD.jpg?color=f8f8f8&q=90,N/A
AdventureEQ,EQ,"$1,175","Our most comfortable bike with 8-speed shifting, front suspension, a plush saddle & racks",/en-us/bikes/active/fitness/adventure/adventure-eq,https://embed.widencdn.net/img/dorelrl/ongn2x9wtt/500px@1x/C21_C32101U_Adventure_EQ_CRD_PD.jpg?color=f8f8f8&q=90,https://embed.widencdn.net/img/dorelrl/hxlgbwuf8y/500px@1x/C21_C32101U_Adventure_EQ_CRD_3Q.jpg?color=f8f8f8&q=90
Quick3,3,"$1,075",A lightweight hybrid with 18-speed Shimano Alivio shifting & carbon fork,/en-us/bikes/active/fitness/quick/quick-3-c31301m,https://embed.widencdn.net/img/dorelrl/byuikgciub/500px@1x/C21_C31301M_Quick_Disc_3_MRC_PD.jpg?color=f8f8f8&q=90,https://embed.widencdn.net/img/dorelrl/nc7hx3gojd/500px@1x/C21_C31301M_Quick_Disc_3_MRC_3Q.jpg?color=f8f8f8&q=90
QuickWomen's 3,Women's 3,"$1,075",A lightweight hybrid with 18-speed Shimano Altus shifting & carbon fork,/en-us/bikes/active/fitness/quick/quick-womens-3,https://embed.widencdn.net/img/dorelrl/oenytce5jl/500px@1x/C21_C31301F_Quick_Disc_3_TRQ_PD.jpg?color=f8f8f8&q=90,https://embed.widencdn.net/img/dorelrl/cjsjmujb8n/500px@1x/C21_C31301F_Quick_Disc_3_TRQ_3Q.jpg?color=f8f8f8&q=90
Quick3 Remixte,3 Remixte,"$1,075",A lightweight step-thru hybrid with 9-speed shifting,/en-us/bikes/active/fitness/quick/quick-womens-3-remixte,https://embed.widencdn.net/img/dorelrl/kqkye8fhbn/500px@1x/C22_C31351U_Quick_Disc_3_Remixte_SGE_PD.jpg?color=f8f8f8&q=90,N/A
Treadwell3 Ltd,3 Ltd,$850,"A light, lively & fun bike with 7-speed shifting, a plush saddle & limited-edition paint",/en-us/bikes/active/fitness/treadwell/treadwell-3-ltd,https://embed.widencdn.net/img/dorelrl/jn9ilvstpe/500px@1x/C21_C37301M_Treadwell_3_Ltd_HLT_PD.jpg?color=f8f8f8&q=90,https://embed.widencdn.net/img/dorelrl/b5fyqgoqjy/500px@1x/C21_C37301M_Treadwell_3_Ltd_HLT_3Q.jpg?color=f8f8f8&q=90
Quick CXWomen's 2,Women's 2,"$1,175",An urban adventure bike with 18-speed Shimano Alivio shifting & front suspension,/en-us/bikes/active/fitness/quick-cx/quick-cx-womens-2,https://embed.widencdn.net/img/dorelrl/aurhjpv5na/500px@1x/C22_C31251F_Quick_CX_2_LGY_PD.jpg?color=f8f8f8&q=90,N/A
Adventure2,2,$810,"Our most comfortable bike with 7-speed shifting, front suspension & a plush saddle",/en-us/bikes/active/fitness/adventure/adventure-2-c32301u,https://embed.widencdn.net/img/dorelrl/1akiqd4hjp/500px@1x/C21_C32301U_Adventure_2_ABB_PD.jpg?color=f8f8f8&q=90,https://embed.widencdn.net/img/dorelrl/lfvhjbtxeh/500px@1x/C21_C32301U_Adventure_2_ABB_3Q.jpg?color=f8f8f8&q=90
Kids CujoRace 20+,Race 20+,$810,"A true trail bike with big, grippy tires, 10-speed SRAM shifting & powerful disc brakes, for ages 5-8",/en-us/bikes/kids/5-to-8/kids-cujo-5-to-8/cujo-race-20,https://embed.widencdn.net/img/dorelrl/jf8jngapgz/500px@1x/C20_C56200U_Cujo_Race_ARD_PD.jpg?color=f8f8f8&q=90,https://embed.widencdn.net/img/dorelrl/jauxra3kx9/500px@1x/C20_C56200U_Cujo_Race_ARD_3Q.jpg?color=f8f8f8&q=90
Trail7,7,$760,A rugged alloy hardtail with 2x8 shifting & 100mm suspension fork,/en-us/bikes/mountain/trail-bikes/trail/trail-7,https://embed.widencdn.net/img/dorelrl/c5f6zlky2z/500px@1x/C21_C26701M_Trail_7_GRN_PD.jpg?color=f8f8f8&q=90,https://embed.widencdn.net/img/dorelrl/78bl6geupj/500px@1x/C21_C26701M_Trail_7_GRN_3Q.jpg?color=f8f8f8&q=90
QuickWomen's 4,Women's 4,$960,A lightweight hybrid with 9-speed shifting,/en-us/bikes/active/fitness/quick/quick-womens-4,https://embed.widencdn.net/img/dorelrl/qnwhhkz8ao/500px@1x/C21_C31400F_Quick_Disc_4_CMT_PD.jpg?color=f8f8f8&q=90,https://embed.widencdn.net/img/dorelrl/iizetjwtzy/500px@1x/C21_C31400F_Quick_Disc_4_CMT_3Q.jpg?color=f8f8f8&q=90
Quick4,4,$740,A lightweight hybrid with 9-speed shifting,/en-us/bikes/active/fitness/quick/quick-4,https://embed.widencdn.net/img/dorelrl/aqrfsnimey/500px@1x/C23_C31400M_Quick_Disc_4_GRN_PD.jpg?color=f8f8f8&q=90,https://embed.widencdn.net/img/dorelrl/4kmsmqlykw/500px@1x/C23_C31400M_Quick_Disc_4_GRN_3Q.jpg?color=f8f8f8&q=90
Quick CXWomen's 3,Women's 3,$725,An urban adventure bike with 16-speed Shimano Acera shifting & front suspension,/en-us/bikes/active/fitness/quick-cx/quick-cx-womens-3,https://embed.widencdn.net/img/dorelrl/tb7zcxdyi6/500px@1x/C21_C31351F_Quick_CX_3_EMR_PD.jpg?color=f8f8f8&q=90,https://embed.widencdn.net/img/dorelrl/8nobwbnupa/500px@1x/C21_C31351F_Quick_CX_3_EMR_3Q.jpg?color=f8f8f8&q=90
Quick CX3,3,$910,An urban adventure bike with 16-speed shifting & front suspension,/en-us/bikes/active/fitness/quick-cx/quick-cx-3,https://embed.widencdn.net/img/dorelrl/o41rtok1ml/500px@1x/C21_C31351M_Quick_CX_3_SLT_PD.jpg?color=f8f8f8&q=90,https://embed.widencdn.net/img/dorelrl/cimjan4je8/500px@1x/C21_C31351M_Quick_CX_3_SLT_3Q.jpg?color=f8f8f8&q=90
Treadwell2 Ltd,2 Ltd,"$1,000","A light, lively & fun bike with 9-speed shifting, a plush saddle & limited-edition paint",/en-us/bikes/active/fitness/treadwell/treadwell-2-ltd,https://embed.widencdn.net/img/dorelrl/wpniqido4s/500px@1x/C21_C37201M_Treadwell_2_Ltd_WOW_PD.jpg?color=f8f8f8&q=90,https://embed.widencdn.net/img/dorelrl/zuun2flswy/500px@1x/C21_C37201M_Treadwell_2_Ltd_WOW_3Q.jpg?color=f8f8f8&q=90
Treadwell3,3,$800,"A light, lively & fun bike with 7-speed shifting & a plush saddle",/en-us/bikes/active/fitness/treadwell/treadwell-3,https://embed.widencdn.net/img/dorelrl/xhkaiuvouv/500px@1x/C21_C37300M_Treadwell_3_GMG_PD.jpg?color=f8f8f8&q=90,https://embed.widencdn.net/img/dorelrl/aqtms5eke7/500px@1x/C21_C37300M_Treadwell_3_GMG_3Q.jpg?color=f8f8f8&q=90
Trail5,5,$960,A rugged alloy hardtail with 1x10 shifting & 100mm suspension fork,/en-us/bikes/mountain/trail-bikes/trail/trail-5,https://embed.widencdn.net/img/dorelrl/hzu62ceimd/500px@1x/C21_C26501M_Trail_5_GRA_PD.jpg?color=f8f8f8&q=90,https://embed.widencdn.net/img/dorelrl/rmpn51pegt/500px@1x/C21_C26501M_Trail_5_GRA_3Q.jpg?color=f8f8f8&q=90
QuickWomen's 6 Remixte,Women's 6 Remixte,$660,A lightweight step-thru hybrid with 14-speed shifting,/en-us/bikes/active/fitness/quick/quick-womens-6-remixte,https://embed.widencdn.net/img/dorelrl/htjozyrn6z/500px@1x/C21_C31651F_Quick_6_Remixte_ALP_PD.jpg?color=f8f8f8&q=90,https://embed.widencdn.net/img/dorelrl/kwcidpjsfh/500px@1x/C21_C31651F_Quick_6_Remixte_ALP_3Q.jpg?color=f8f8f8&q=90
TrailWomen's 6,Women's 6,$860,A rugged alloy hardtail with 2x8 Shimano shifting & 100mm suspension fork,/en-us/bikes/mountain/trail-bikes/trail/trail-womens-6,https://embed.widencdn.net/img/dorelrl/lhjiyaw0os/500px@1x/C22_C26401F_Trail_6_LYW_PD.jpg?color=f8f8f8&q=90,https://embed.widencdn.net/img/dorelrl/kdce3jsg6v/500px@1x/C22_C26401F_Trail_6_LYW_3Q.jpg?color=f8f8f8&q=90
Trail6,6,$860,A rugged alloy hardtail with 2x8 Shimano shifting & 100mm suspension fork,/en-us/bikes/mountain/trail-bikes/trail/trail-6,https://embed.widencdn.net/img/dorelrl/0zokdfdmyz/500px@1x/C21_C26601M_Trail_6_SLT_PD.jpg?color=f8f8f8&q=90,https://embed.widencdn.net/img/dorelrl/sul29pvqty/500px@1x/C21_C26601M_Trail_6_SLT_3Q.jpg?color=f8f8f8&q=90
Quick5,5,$735,A lightweight hybrid with 14-speed Shimano Tourney shifting,/en-us/bikes/active/fitness/quick/quick-5,https://embed.widencdn.net/img/dorelrl/gcnah91rgc/500px@1x/C21_C31501M_Quick_Disc_5_BBQ_PD.jpg?color=f8f8f8&q=90,https://embed.widencdn.net/img/dorelrl/xtc0pr695v/500px@1x/C21_C31501M_Quick_Disc_5_BBQ_3Q.jpg?color=f8f8f8&q=90
QuickWomen's 5 Remixte,Women's 5 Remixte,$735,A lightweight step-thru hybrid with 14-speed Shimano Tourney shifting,/en-us/bikes/active/fitness/quick/quick-womens-5-remixte,https://embed.widencdn.net/img/dorelrl/knyypzyq9i/500px@1x/C21_C31551U_Quick_Remixte_Disc_5_SGG_PD.jpg?color=f8f8f8&q=90,https://embed.widencdn.net/img/dorelrl/lrpcofzlxg/500px@1x/C21_C31551U_Quick_Remixte_Disc_5_SGG_3Q.jpg?color=f8f8f8&q=90
Quick CX4,4,$610,An urban adventure bike with 14-speed shifting & front suspension,/en-us/bikes/active/fitness/quick-cx/quick-cx-4,https://embed.widencdn.net/img/dorelrl/6x3stfarbr/500px@1x/C23_C31451M_Quick_CX_4_ALM_PD.jpg?color=f8f8f8&q=90,https://embed.widencdn.net/img/dorelrl/3wrtosty02/500px@1x/C23_C31451M_Quick_CX_4_ALM_3Q.jpg?color=f8f8f8&q=90
Quick CXWomen's 4,Women's 4,$735,An urban adventure bike with 14-speed shifting & front suspension,/en-us/bikes/active/fitness/quick-cx/quick-cx-womens-4,https://embed.widencdn.net/img/dorelrl/dct7sswcm1/500px@1x/C23_C31451F_Quick_CX_4_DTE_PD.jpg?color=f8f8f8&q=90,https://embed.widencdn.net/img/dorelrl/k8ipetc8nm/500px@1x/C23_C31451F_Quick_CX_4_DTE_3Q.jpg?color=f8f8f8&q=90
QuickWomen's 5 Remixte,Women's 5 Remixte,$600,A lightweight step-thru hybrid with 18-speed Shimano Alivio shifting & carbon fork,/en-us/bikes/active/fitness/quick/quick-womens-5-disc-remixte-smu,https://embed.widencdn.net/img/dorelrl/3vtbbuerch/500px@1x/C20_C31530F_Quick_Disc_5_Remixte_GRA_PD.jpg?color=f8f8f8&q=90,https://embed.widencdn.net/img/dorelrl/i9i4s5h75x/500px@1x/C20_C31530F_Quick_Disc_5_Remixte_GRA_3Q.jpg?color=f8f8f8&q=90
Treadwell3 Remixte Ltd,3 Remixte Ltd,$850,"A light, lively step-thru bike with 7-speed shifting, plush saddle & limited-edition paint",/en-us/bikes/active/fitness/treadwell/treadwell-3-remixte-ltd,https://embed.widencdn.net/img/dorelrl/1usuqy8rs2/500px@1x/C21_C37301U_Treadwell_3_Remixte_HLT_PD.jpg?color=f8f8f8&q=90,https://embed.widencdn.net/img/dorelrl/d9upo7dybk/500px@1x/C21_C37301U_Treadwell_3_Remixte_HLT_3Q.jpg?color=f8f8f8&q=90
TrailWomen's 7,Women's 7,$760,A rugged alloy hardtail with 2x8 shifting & 100mm suspension fork,/en-us/bikes/mountain/trail-bikes/trail/trail-womens-7,https://embed.widencdn.net/img/dorelrl/tmzwxkuqol/500px@1x/C21_C26501F_Trail_7_CMT_PD.jpg?color=f8f8f8&q=90,https://embed.widencdn.net/img/dorelrl/swxpktu3za/500px@1x/C21_C26501F_Trail_7_CMT_3Q.jpg?color=f8f8f8&q=90
Trail7.1,7.1,$760,A rugged alloy hardtail with 1x8 shifting & 100mm suspenson fork,/en-us/bikes/mountain/trail-bikes/trail/trail-71,https://embed.widencdn.net/img/dorelrl/crcr7jpdjs/500px@1x/C21_C26811U_Trail_7.1_BLK_PD.jpg?color=f8f8f8&q=90,https://embed.widencdn.net/img/dorelrl/sueqybqxkn/500px@1x/C21_C26811U_Trail_7.1_BLK_3Q.jpg?color=f8f8f8&q=90
Treadwell3 Remixte,3 Remixte,$800,"A light, lively step-thru bike with 7-speed shifting & a plush saddle",/en-us/bikes/active/fitness/treadwell/treadwell-3-remixte,https://embed.widencdn.net/img/dorelrl/o5upilz5if/500px@1x/C21_C37300U_Treadwell_3_Remixte_IRD_PD.jpg?color=f8f8f8&q=90,https://embed.widencdn.net/img/dorelrl/zxxse5tfog/500px@1x/C21_C37300U_Treadwell_3_Remixte_IRD_3Q.jpg?color=f8f8f8&q=90
Kids TrailPlus 24,Plus 24,$615,"A true trail bike with big, grippy 24"" tires, 8-speed shifting & powerful disc brakes, for ages 7-12",/en-us/bikes/kids/7-to-12/kids-trail-7-to-12/kids-trail-plus-24,https://embed.widencdn.net/img/dorelrl/xjdmfdmnbx/500px@1x/C22_C51102U_Kids_Trail_Plus_MAT_PD.jpg?color=f8f8f8&q=90,https://embed.widencdn.net/img/dorelrl/xngdeh7hfx/500px@1x/C22_C51102U_Kids_Trail_Plus_MAT_3Q.jpg?color=f8f8f8&q=90
Kids Cujo20+,20+,$550,"A big tires, big fun bike with 7-speed Shimano shifting & disc brakes, for ages 5-8",/en-us/bikes/kids/5-to-8/kids-cujo-5-to-8/2021kids-cujo-20/2021,https://embed.widencdn.net/img/dorelrl/2bt1jssxfv/500px@1x/C21_C56401U_Cujo_ALP_PD.jpg?color=f8f8f8&q=90,https://embed.widencdn.net/img/dorelrl/pogciv1pj0/500px@1x/C21_C56401U_Cujo_ALP_3Q.jpg?color=f8f8f8&q=90
TrailWomen's 8,Women's 8,$645,A rugged alloy hardtail with 2x7 shifting & 75mm suspenson fork,/en-us/bikes/mountain/trail-bikes/trail/trail-womens-8,https://embed.widencdn.net/img/dorelrl/dkvrtcouef/500px@1x/C22_C26601F_Trail_8_MDN_PD.jpg?color=f8f8f8&q=90,https://embed.widencdn.net/img/dorelrl/blytdxpcv6/500px@1x/C22_C26601F_Trail_8_MDN_3Q.jpg?color=f8f8f8&q=90
Trail8,8,$645,A rugged alloy hardtail with 2x7 shifting & 75mm suspenson fork,/en-us/bikes/mountain/trail-bikes/trail/trail-8,https://embed.widencdn.net/img/dorelrl/dyhcon8sx2/500px@1x/C22_C26801M_Trail_8_QSD_PD.jpg?color=f8f8f8&q=90,https://embed.widencdn.net/img/dorelrl/xdffaund2c/500px@1x/C22_C26801M_Trail_8_QSD_3Q.jpg?color=f8f8f8&q=90
Quick6,6,$660,A lightweight hybrid with 14-speed shifting,/en-us/bikes/active/fitness/quick/quick-6,https://embed.widencdn.net/img/dorelrl/niiryhyeb6/500px@1x/C21_C31601M_Quick_6_SBR_PD.jpg?color=f8f8f8&q=90,https://embed.widencdn.net/img/dorelrl/je8g4spq8h/500px@1x/C21_C31601M_Quick_6_SBR_3Q.jpg?color=f8f8f8&q=90
Kids TrailPlus 20,Plus 20,$540,"A true trail bike with big, grippy tires, 7-speed shifting & powerful disc brakes, for ages 5-8",/en-us/bikes/kids/5-to-8/kids-trail-5-to-8/kids-trail-plus-20,https://embed.widencdn.net/img/dorelrl/nttu7xbfjq/500px@1x/C22_C51152U_Kids_Trail_Plus_ORG_PD.jpg?color=f8f8f8&q=90,https://embed.widencdn.net/img/dorelrl/ej5mk7ddsj/500px@1x/C22_C51152U_Kids_Trail_Plus_ORG_3Q.jpg?color=f8f8f8&q=90
Kids Trail26,26,$645,"A lightweight mountain bike for kids 9-13, w/ front suspension, 8-spd shifting & disc brakes",/en-us/bikes/kids/7-to-12/kids-trail-7-to-12/trail-26-c51101u,https://embed.widencdn.net/img/dorelrl/vgo166qpjy/500px@1x/C21_C51101U_Trail_BPL_PD.jpg?color=f8f8f8&q=90,https://embed.widencdn.net/img/dorelrl/0chy3mco5k/500px@1x/C21_C51101U_Trail_BPL_3Q.jpg?color=f8f8f8&q=90
Kids Quick24 Girl's,24 Girl's,$500,"A light, speedy street bike with 8-speed Shimano shifting and rim brakes, for ages 7-12",/en-us/bikes/kids/7-to-12/kids-quick-7-to-12/kids-quick-24-girls,https://embed.widencdn.net/img/dorelrl/garw6njb8x/500px@1x/C20_C51100F_Kids_Quick_SRP_PD.jpg?color=f8f8f8&q=90,https://embed.widencdn.net/img/dorelrl/qmytskpvhn/500px@1x/C20_C51100F_Kids_Quick_SRP_3Q.jpg?color=f8f8f8&q=90
Kids Quick24 Boy's,24 Boy's,$500,"A light, speedy street bike with 8-speed Shimano shifting and rim brakes, for ages 7-12",/en-us/bikes/kids/7-to-12/kids-quick-7-to-12/kids-quick-24-boys,https://embed.widencdn.net/img/dorelrl/vxufaypfsl/500px@1x/C20_C51100M_Kids_Quick_ARD_PD.jpg?color=f8f8f8&q=90,N/A
Kids Trail20 Girl's,20 Girl's,$450,"A lightweight trail bike with 7-speed shifting, front suspension & rim brakes, for ages 5-8",/en-us/bikes/kids/5-to-8/kids-trail-5-to-8/kids-trail-20-girls,https://embed.widencdn.net/img/dorelrl/ur2nsnozod/500px@1x/C20_C51250F_Kids_Trail_CRU_PD.jpg?color=f8f8f8&q=90,N/A
Kids Quick20 Girl's,20 Girl's,$435,"A light, speedy street bike with 7-speed Shimano shifting and rim brakes, for ages 5-8",/en-us/bikes/kids/5-to-8/kids-quick-5-to-8/kids-quick-20-girls,https://embed.widencdn.net/img/dorelrl/cipeyxvw8b/500px@1x/C20_C51200F_Kids_Quick_ULV_PD.jpg?color=f8f8f8&q=90,N/A
Kids Quick24,24,$490,"A light, speedy street bike with 7-speed shifting and rim brakes, for ages 7-12",/en-us/bikes/kids/7-to-12/kids-quick-7-to-12/kids-quick-24,https://embed.widencdn.net/img/dorelrl/icl8iccyam/500px@1x/C22_C51702U_Kids_Quick_ABB_PD.jpg?color=f8f8f8&q=90,https://embed.widencdn.net/img/dorelrl/5mef20e9zt/500px@1x/C22_C51702U_Kids_Quick_ABB_3Q.jpg?color=f8f8f8&q=90
Kids Trail20,20,$490,"A lightweight trail bike with 7-speed shifting, front suspension & rim brakes, for ages 5-8",/en-us/bikes/kids/5-to-8/kids-trail-5-to-8/kids-trail-20,https://embed.widencdn.net/img/dorelrl/8okbinqw2n/500px@1x/C22_C51652U_Kids_Trail_VLT_PD.jpg?color=f8f8f8&q=90,https://embed.widencdn.net/img/dorelrl/jzdvfj41hl/500px@1x/C22_C51652U_Kids_Trail_VLT_3Q.jpg?color=f8f8f8&q=90
Kids Trail24,24,$565,"A lightweight trail bike with 8-speed shifting, front suspension & rim brakes, for ages 7-12",/en-us/bikes/kids/7-to-12/kids-trail-7-to-12/kids-trail-24,https://embed.widencdn.net/img/dorelrl/fpcbn2bub5/500px@1x/C22_C51602U_Kids_Trail_MDN_PD.jpg?color=f8f8f8&q=90,https://embed.widencdn.net/img/dorelrl/f2wcji25wm/500px@1x/C22_C51602U_Kids_Trail_MDN_3Q.jpg?color=f8f8f8&q=90
Kids Trail20 Single-Speed,20 Single-Speed,$365,"A lightweight sidewalk-to-trail bike with easy-stop coaster brake & front hand brake for learning, for ages 5-8",/en-us/bikes/kids/5-to-8/kids-trail-5-to-8/kids-trail-20-single-speed-c51202u,https://embed.widencdn.net/img/dorelrl/opmco9yv14/500px@1x/C22_C51202U_Kids_Trail_SS_RRD_PD.jpg?color=f8f8f8&q=90,https://embed.widencdn.net/img/dorelrl/ra1jkqjat9/500px@1x/C22_C51202U_Kids_Trail_SS_RRD_3Q.jpg?color=f8f8f8&q=90
Kids Quick20,20,$440,"A light, speedy street bike with 7-speed shifting and rim brakes, for ages 5-8",/en-us/bikes/kids/5-to-8/kids-quick-5-to-8/kids-quick-20,https://embed.widencdn.net/img/dorelrl/qoeo7zyk62/500px@1x/C22_C51752U_Kids_Quick_MGO_PD.jpg?color=f8f8f8&q=90,https://embed.widencdn.net/img/dorelrl/ihiypyfigo/500px@1x/C22_C51752U_Kids_Quick_MGO_3Q.jpg?color=f8f8f8&q=90
Kids TrailFreewheel 20 Girl's,Freewheel 20 Girl's,$310,"A trail bike with rim brakes, for ages 5-8",/en-us/bikes/kids/5-to-8/kids-trail-5-to-8/kids-trail-freewheel-20-girls,https://embed.widencdn.net/img/dorelrl/lyye0pacse/500px@1x/C20_C51260F_Kids_Trail_FW_TRQ_PD.jpg?color=f8f8f8&q=90,https://embed.widencdn.net/img/dorelrl/bppwrhw8w8/500px@1x/C20_C51260F_Kids_Trail_FW_TRQ_3Q.jpg?color=f8f8f8&q=90
Kids Trail16,16,$350,"A lightweight sidewalk-to-trail bike with easy-stop coaster brake & front hand brake for learning, for ages 4-6",/en-us/bikes/kids/4-to-6/kids-trail-4-to-6/kids-trail-16-single-speed-c51302u,https://embed.widencdn.net/img/dorelrl/6glkoco5mj/500px@1x/C22_C51302U_Kids_Trail_SS_CRU_PD.jpg?color=f8f8f8&q=90,https://embed.widencdn.net/img/dorelrl/xtt4qjmgwi/500px@1x/C22_C51302U_Kids_Trail_SS_CRU_3Q.jpg?color=f8f8f8&q=90
Kids TrailBalance,Balance,$240,"A light and fun balance bike with a little Lefty fork and rear handbrake, for ages 1-4",/en-us/bikes/kids/1-to-4/kids-trail-1-to-4/kids-trail-balance,https://embed.widencdn.net/img/dorelrl/eoy6bqcejc/500px@1x/C22_C51502U_Kids_Trail_Balance_NIT_PD.jpg?color=f8f8f8&q=90,https://embed.widencdn.net/img/dorelrl/gns2novgcc/500px@1x/C22_C51502U_Kids_Trail_Balance_NIT_3Q.jpg?color=f8f8f8&q=90
Kids Trail12,12,$315,"A lightweight sidewalk bike with easy-stop coaster brakes, for ages 1-4",/en-us/bikes/kids/1-to-4/kids-trail-1-to-4/kids-trail-12,https://embed.widencdn.net/img/dorelrl/v9shd6y1dd/500px@1x/C22_C51402U_Kids_Trail_1_GRN_PD.jpg?color=f8f8f8&q=90,https://embed.widencdn.net/img/dorelrl/orexjwjtce/500px@1x/C22_C51402U_Kids_Trail_1_GRN_3Q.jpg?color=f8f8f8&q=90
Kids TrailBalance Girl's,Balance Girl's,$225,"A light and fun balance bike with a little Lefty fork, for ages 1-4",/en-us/bikes/kids/1-to-4/kids-trail-1-to-4/kids-trail-balance-girls,https://embed.widencdn.net/img/dorelrl/tzu7amnjch/500px@1x/C20_C51450F_Kids_Trail_Balance_TRQ_PD.jpg?color=f8f8f8&q=90,https://embed.widencdn.net/img/dorelrl/kxp073webv/500px@1x/C20_C51450F_Kids_Trail_Balance_TRQ_3Q.jpg?color=f8f8f8&q=90
Kids TrailBalance Boy's,Balance Boy's,$225,"A light and fun balance bike with a little Lefty fork, for ages 1-4",/en-us/bikes/kids/1-to-4/kids-trail-1-to-4/kids-trail-balance-boys,https://embed.widencdn.net/img/dorelrl/pydsm9fdit/500px@1x/C20_C51450M_Kids_Trail_Balance_ARD_PD.jpg?color=f8f8f8&q=90,https://embed.widencdn.net/img/dorelrl/ezzpldggxu/500px@1x/C20_C51450M_Kids_Trail_Balance_ARD_3Q.jpg?color=f8f8f8&q=90
